{
    "soccer": {
        "keywords": [
            "sports",
            "football"
        ],
        "char": "⚽",
        "fitzpatrick_scale": false,
        "category": "activity"
    },
    "basketball": {
        "keywords": [
            "sports",
            "balls",
            "NBA"
        ],
        "char": "🏀",
        "fitzpatrick_scale": false,
        "category": "activity"
    },
    "football": {
        "keywords": [
            "sports",
            "balls",
            "NFL"
        ],
        "char": "🏈",
        "fitzpatrick_scale": false,
        "category": "activity"
    },
    "baseball": {
        "keywords": [
            "sports",
            "balls"
        ],
        "char": "⚾",
        "fitzpatrick_scale": false,
        "category": "activity"
    },
    "softball": {
        "keywords": [
            "sports",
            "balls"
        ],
        "char": "🥎",
        "fitzpatrick_scale": false,
        "category": "activity"
    },
    "tennis": {
        "keywords": [
            "sports",
            "balls",
            "green"
        ],
        "char": "🎾",
        "fitzpatrick_scale": false,
        "category": "activity"
    },
    "volleyball": {
        "keywords": [
            "sports",
            "balls"
        ],
        "char": "🏐",
        "fitzpatrick_scale": false,
        "category": "activity"
    },
    "rugby_football": {
        "keywords": [
            "sports",
            "team"
        ],
        "char": "🏉",
        "fitzpatrick_scale": false,
        "category": "activity"
    },
    "flying_disc": {
        "keywords": [
            "sports",
            "frisbee",
            "ultimate"
        ],
        "char": "🥏",
        "fitzpatrick_scale": false,
        "category": "activity"
    },
    "eight_ball": {
        "keywords": [
            "pool",
            "hobby",
            "game",
            "luck",
            "magic"
        ],
        "char": "🎱",
        "fitzpatrick_scale": false,
        "category": "activity"
    },
    "golf": {
        "keywords": [
            "sports",
            "business",
            "flag",
            "hole",
            "summer"
        ],
        "char": "⛳",
        "fitzpatrick_scale": false,
        "category": "activity"
    },
    "golfing_woman": {
        "keywords": [
            "sports",
            "business",
            "woman",
            "female"
        ],
        "char": "🏌️‍♀️",
        "fitzpatrick_scale": false,
        "category": "activity"
    },
    "golfing_man": {
        "keywords": [
            "sports",
            "business"
        ],
        "char": "🏌",
        "fitzpatrick_scale": true,
        "category": "activity"
    },
    "ping_pong": {
        "keywords": [
            "sports",
            "pingpong"
        ],
        "char": "🏓",
        "fitzpatrick_scale": false,
        "category": "activity"
    },
    "badminton": {
        "keywords": [
            "sports"
        ],
        "char": "🏸",
        "fitzpatrick_scale": false,
        "category": "activity"
    },
    "goal_net": {
        "keywords": [
            "sports"
        ],
        "char": "🥅",
        "fitzpatrick_scale": false,
        "category": "activity"
    },
    "ice_hockey": {
        "keywords": [
            "sports"
        ],
        "char": "🏒",
        "fitzpatrick_scale": false,
        "category": "activity"
    },
    "field_hockey": {
        "keywords": [
            "sports"
        ],
        "char": "🏑",
        "fitzpatrick_scale": false,
        "category": "activity"
    },
    "lacrosse": {
        "keywords": [
            "sports",
            "ball",
            "stick"
        ],
        "char": "🥍",
        "fitzpatrick_scale": false,
        "category": "activity"
    },
    "cricket": {
        "keywords": [
            "sports"
        ],
        "char": "🏏",
        "fitzpatrick_scale": false,
        "category": "activity"
    },
    "ski": {
        "keywords": [
            "sports",
            "winter",
            "cold",
            "snow"
        ],
        "char": "🎿",
        "fitzpatrick_scale": false,
        "category": "activity"
    },
    "skier": {
        "keywords": [
            "sports",
            "winter",
            "snow"
        ],
        "char": "⛷",
        "fitzpatrick_scale": false,
        "category": "activity"
    },
    "snowboarder": {
        "keywords": [
            "sports",
            "winter"
        ],
        "char": "🏂",
        "fitzpatrick_scale": true,
        "category": "activity"
    },
    "person_fencing": {
        "keywords": [
            "sports",
            "fencing",
            "sword"
        ],
        "char": "🤺",
        "fitzpatrick_scale": false,
        "category": "activity"
    },
    "women_wrestling": {
        "keywords": [
            "sports",
            "wrestlers"
        ],
        "char": "🤼‍♀️",
        "fitzpatrick_scale": false,
        "category": "activity"
    },
    "men_wrestling": {
        "keywords": [
            "sports",
            "wrestlers"
        ],
        "char": "🤼‍♂️",
        "fitzpatrick_scale": false,
        "category": "activity"
    },
    "woman_cartwheeling": {
        "keywords": [
            "gymnastics"
        ],
        "char": "🤸‍♀️",
        "fitzpatrick_scale": true,
        "category": "activity"
    },
    "man_cartwheeling": {
        "keywords": [
            "gymnastics"
        ],
        "char": "🤸‍♂️",
        "fitzpatrick_scale": true,
        "category": "activity"
    },
    "woman_playing_handball": {
        "keywords": [
            "sports"
        ],
        "char": "🤾‍♀️",
        "fitzpatrick_scale": true,
        "category": "activity"
    },
    "man_playing_handball": {
        "keywords": [
            "sports"
        ],
        "char": "🤾‍♂️",
        "fitzpatrick_scale": true,
        "category": "activity"
    },
    "ice_skate": {
        "keywords": [
            "sports"
        ],
        "char": "⛸",
        "fitzpatrick_scale": false,
        "category": "activity"
    },
    "curling_stone": {
        "keywords": [
            "sports"
        ],
        "char": "🥌",
        "fitzpatrick_scale": false,
        "category": "activity"
    },
    "skateboard": {
        "keywords": [
            "board"
        ],
        "char": "🛹",
        "fitzpatrick_scale": false,
        "category": "activity"
    },
    "sled": {
        "keywords": [
            "sleigh",
            "luge",
            "toboggan"
        ],
        "char": "🛷",
        "fitzpatrick_scale": false,
        "category": "activity"
    },
    "bow_and_arrow": {
        "keywords": [
            "sports"
        ],
        "char": "🏹",
        "fitzpatrick_scale": false,
        "category": "activity"
    },
    "fishing_pole_and_fish": {
        "keywords": [
            "food",
            "hobby",
            "summer"
        ],
        "char": "🎣",
        "fitzpatrick_scale": false,
        "category": "activity"
    },
    "boxing_glove": {
        "keywords": [
            "sports",
            "fighting"
        ],
        "char": "🥊",
        "fitzpatrick_scale": false,
        "category": "activity"
    },
    "martial_arts_uniform": {
        "keywords": [
            "judo",
            "karate",
            "taekwondo"
        ],
        "char": "🥋",
        "fitzpatrick_scale": false,
        "category": "activity"
    },
    "rowing_woman": {
        "keywords": [
            "sports",
            "hobby",
            "water",
            "ship",
            "woman",
            "female"
        ],
        "char": "🚣‍♀️",
        "fitzpatrick_scale": true,
        "category": "activity"
    },
    "rowing_man": {
        "keywords": [
            "sports",
            "hobby",
            "water",
            "ship"
        ],
        "char": "🚣",
        "fitzpatrick_scale": true,
        "category": "activity"
    },
    "climbing_woman": {
        "keywords": [
            "sports",
            "hobby",
            "woman",
            "female",
            "rock"
        ],
        "char": "🧗‍♀️",
        "fitzpatrick_scale": true,
        "category": "activity"
    },
    "climbing_man": {
        "keywords": [
            "sports",
            "hobby",
            "man",
            "male",
            "rock"
        ],
        "char": "🧗‍♂️",
        "fitzpatrick_scale": true,
        "category": "activity"
    },
    "swimming_woman": {
        "keywords": [
            "sports",
            "exercise",
            "human",
            "athlete",
            "water",
            "summer",
            "woman",
            "female"
        ],
        "char": "🏊‍♀️",
        "fitzpatrick_scale": true,
        "category": "activity"
    },
    "swimming_man": {
        "keywords": [
            "sports",
            "exercise",
            "human",
            "athlete",
            "water",
            "summer"
        ],
        "char": "🏊",
        "fitzpatrick_scale": true,
        "category": "activity"
    },
    "woman_playing_water_polo": {
        "keywords": [
            "sports",
            "pool"
        ],
        "char": "🤽‍♀️",
        "fitzpatrick_scale": true,
        "category": "activity"
    },
    "man_playing_water_polo": {
        "keywords": [
            "sports",
            "pool"
        ],
        "char": "🤽‍♂️",
        "fitzpatrick_scale": true,
        "category": "activity"
    },
    "woman_in_lotus_position": {
        "keywords": [
            "woman",
            "female",
            "meditation",
            "yoga",
            "serenity",
            "zen",
            "mindfulness"
        ],
        "char": "🧘‍♀️",
        "fitzpatrick_scale": true,
        "category": "activity"
    },
    "man_in_lotus_position": {
        "keywords": [
            "man",
            "male",
            "meditation",
            "yoga",
            "serenity",
            "zen",
            "mindfulness"
        ],
        "char": "🧘‍♂️",
        "fitzpatrick_scale": true,
        "category": "activity"
    },
    "surfing_woman": {
        "keywords": [
            "sports",
            "ocean",
            "sea",
            "summer",
            "beach",
            "woman",
            "female"
        ],
        "char": "🏄‍♀️",
        "fitzpatrick_scale": true,
        "category": "activity"
    },
    "surfing_man": {
        "keywords": [
            "sports",
            "ocean",
            "sea",
            "summer",
            "beach"
        ],
        "char": "🏄",
        "fitzpatrick_scale": true,
        "category": "activity"
    },
    "bath": {
        "keywords": [
            "clean",
            "shower",
            "bathroom"
        ],
        "char": "🛀",
        "fitzpatrick_scale": true,
        "category": "activity"
    },
    "basketball_woman": {
        "keywords": [
            "sports",
            "human",
            "woman",
            "female"
        ],
        "char": "⛹️‍♀️",
        "fitzpatrick_scale": true,
        "category": "activity"
    },
    "basketball_man": {
        "keywords": [
            "sports",
            "human"
        ],
        "char": "⛹",
        "fitzpatrick_scale": true,
        "category": "activity"
    },
    "weight_lifting_woman": {
        "keywords": [
            "sports",
            "training",
            "exercise",
            "woman",
            "female"
        ],
        "char": "🏋️‍♀️",
        "fitzpatrick_scale": true,
        "category": "activity"
    },
    "weight_lifting_man": {
        "keywords": [
            "sports",
            "training",
            "exercise"
        ],
        "char": "🏋",
        "fitzpatrick_scale": true,
        "category": "activity"
    },
    "biking_woman": {
        "keywords": [
            "sports",
            "bike",
            "exercise",
            "hipster",
            "woman",
            "female"
        ],
        "char": "🚴‍♀️",
        "fitzpatrick_scale": true,
        "category": "activity"
    },
    "biking_man": {
        "keywords": [
            "sports",
            "bike",
            "exercise",
            "hipster"
        ],
        "char": "🚴",
        "fitzpatrick_scale": true,
        "category": "activity"
    },
    "mountain_biking_woman": {
        "keywords": [
            "transportation",
            "sports",
            "human",
            "race",
            "bike",
            "woman",
            "female"
        ],
        "char": "🚵‍♀️",
        "fitzpatrick_scale": true,
        "category": "activity"
    },
    "mountain_biking_man": {
        "keywords": [
            "transportation",
            "sports",
            "human",
            "race",
            "bike"
        ],
        "char": "🚵",
        "fitzpatrick_scale": true,
        "category": "activity"
    },
    "horse_racing": {
        "keywords": [
            "animal",
            "betting",
            "competition",
            "gambling",
            "luck"
        ],
        "char": "🏇",
        "fitzpatrick_scale": true,
        "category": "activity"
    },
    "business_suit_levitating": {
        "keywords": [
            "suit",
            "business",
            "levitate",
            "hover",
            "jump"
        ],
        "char": "🕴",
        "fitzpatrick_scale": true,
        "category": "activity"
    },
    "trophy": {
        "keywords": [
            "win",
            "award",
            "contest",
            "place",
            "ftw",
            "ceremony"
        ],
        "char": "🏆",
        "fitzpatrick_scale": false,
        "category": "activity"
    },
    "running_shirt_with_sash": {
        "keywords": [
            "play",
            "pageant"
        ],
        "char": "🎽",
        "fitzpatrick_scale": false,
        "category": "activity"
    },
    "medal_sports": {
        "keywords": [
            "award",
            "winning"
        ],
        "char": "🏅",
        "fitzpatrick_scale": false,
        "category": "activity"
    },
    "medal_military": {
        "keywords": [
            "award",
            "winning",
            "army"
        ],
        "char": "🎖",
        "fitzpatrick_scale": false,
        "category": "activity"
    },
    "first_place_medal": {
        "keywords": [
            "award",
            "winning",
            "first"
        ],
        "char": "🥇",
        "fitzpatrick_scale": false,
        "category": "activity"
    },
    "second_place_medal": {
        "keywords": [
            "award",
            "second"
        ],
        "char": "🥈",
        "fitzpatrick_scale": false,
        "category": "activity"
    },
    "third_place_medal": {
        "keywords": [
            "award",
            "third"
        ],
        "char": "🥉",
        "fitzpatrick_scale": false,
        "category": "activity"
    },
    "reminder_ribbon": {
        "keywords": [
            "sports",
            "cause",
            "support",
            "awareness"
        ],
        "char": "🎗",
        "fitzpatrick_scale": false,
        "category": "activity"
    },
    "rosette": {
        "keywords": [
            "flower",
            "decoration",
            "military"
        ],
        "char": "🏵",
        "fitzpatrick_scale": false,
        "category": "activity"
    },
    "ticket": {
        "keywords": [
            "event",
            "concert",
            "pass"
        ],
        "char": "🎫",
        "fitzpatrick_scale": false,
        "category": "activity"
    },
    "tickets": {
        "keywords": [
            "sports",
            "concert",
            "entrance"
        ],
        "char": "🎟",
        "fitzpatrick_scale": false,
        "category": "activity"
    },
    "performing_arts": {
        "keywords": [
            "acting",
            "theater",
            "drama"
        ],
        "char": "🎭",
        "fitzpatrick_scale": false,
        "category": "activity"
    },
    "art": {
        "keywords": [
            "design",
            "paint",
            "draw",
            "colors"
        ],
        "char": "🎨",
        "fitzpatrick_scale": false,
        "category": "activity"
    },
    "circus_tent": {
        "keywords": [
            "festival",
            "carnival",
            "party"
        ],
        "char": "🎪",
        "fitzpatrick_scale": false,
        "category": "activity"
    },
    "woman_juggling": {
        "keywords": [
            "juggle",
            "balance",
            "skill",
            "multitask"
        ],
        "char": "🤹‍♀️",
        "fitzpatrick_scale": true,
        "category": "activity"
    },
    "man_juggling": {
        "keywords": [
            "juggle",
            "balance",
            "skill",
            "multitask"
        ],
        "char": "🤹‍♂️",
        "fitzpatrick_scale": true,
        "category": "activity"
    },
    "microphone": {
        "keywords": [
            "sound",
            "music",
            "PA",
            "sing",
            "talkshow"
        ],
        "char": "🎤",
        "fitzpatrick_scale": false,
        "category": "activity"
    },
    "headphones": {
        "keywords": [
            "music",
            "score",
            "gadgets"
        ],
        "char": "🎧",
        "fitzpatrick_scale": false,
        "category": "activity"
    },
    "musical_score": {
        "keywords": [
            "treble",
            "clef",
            "compose"
        ],
        "char": "🎼",
        "fitzpatrick_scale": false,
        "category": "activity"
    },
    "musical_keyboard": {
        "keywords": [
            "piano",
            "instrument",
            "compose"
        ],
        "char": "🎹",
        "fitzpatrick_scale": false,
        "category": "activity"
    },
    "drum": {
        "keywords": [
            "music",
            "instrument",
            "drumsticks",
            "snare"
        ],
        "char": "🥁",
        "fitzpatrick_scale": false,
        "category": "activity"
    },
    "saxophone": {
        "keywords": [
            "music",
            "instrument",
            "jazz",
            "blues"
        ],
        "char": "🎷",
        "fitzpatrick_scale": false,
        "category": "activity"
    },
    "trumpet": {
        "keywords": [
            "music",
            "brass"
        ],
        "char": "🎺",
        "fitzpatrick_scale": false,
        "category": "activity"
    },
    "guitar": {
        "keywords": [
            "music",
            "instrument"
        ],
        "char": "🎸",
        "fitzpatrick_scale": false,
        "category": "activity"
    },
    "violin": {
        "keywords": [
            "music",
            "instrument",
            "orchestra",
            "symphony"
        ],
        "char": "🎻",
        "fitzpatrick_scale": false,
        "category": "activity"
    },
    "clapper": {
        "keywords": [
            "movie",
            "film",
            "record"
        ],
        "char": "🎬",
        "fitzpatrick_scale": false,
        "category": "activity"
    },
    "video_game": {
        "keywords": [
            "play",
            "console",
            "PS4",
            "controller"
        ],
        "char": "🎮",
        "fitzpatrick_scale": false,
        "category": "activity"
    },
    "space_invader": {
        "keywords": [
            "game",
            "arcade",
            "play"
        ],
        "char": "👾",
        "fitzpatrick_scale": false,
        "category": "activity"
    },
    "dart": {
        "keywords": [
            "game",
            "play",
            "bar",
            "target",
            "bullseye"
        ],
        "char": "🎯",
        "fitzpatrick_scale": false,
        "category": "activity"
    },
    "game_die": {
        "keywords": [
            "dice",
            "random",
            "tabletop",
            "play",
            "luck"
        ],
        "char": "🎲",
        "fitzpatrick_scale": false,
        "category": "activity"
    },
    "chess_pawn": {
        "keywords": [
            "expendable"
        ],
        "char": "♟",
        "fitzpatrick_scale": false,
        "category": "activity"
    },
    "slot_machine": {
        "keywords": [
            "bet",
            "gamble",
            "vegas",
            "fruit machine",
            "luck",
            "casino"
        ],
        "char": "🎰",
        "fitzpatrick_scale": false,
        "category": "activity"
    },
    "jigsaw": {
        "keywords": [
            "interlocking",
            "puzzle",
            "piece"
        ],
        "char": "🧩",
        "fitzpatrick_scale": false,
        "category": "activity"
    },
    "bowling": {
        "keywords": [
            "sports",
            "fun",
            "play"
        ],
        "char": "🎳",
        "fitzpatrick_scale": false,
        "category": "activity"
    }
}