{
    "afghanistan": {
        "keywords": [
            "af",
            "flag",
            "nation",
            "country",
            "banner"
        ],
        "char": "🇦🇫",
        "fitzpatrick_scale": false,
        "category": "flags"
    },
    "aland_islands": {
        "keywords": [
            "Åland",
            "islands",
            "flag",
            "nation",
            "country",
            "banner"
        ],
        "char": "🇦🇽",
        "fitzpatrick_scale": false,
        "category": "flags"
    },
    "albania": {
        "keywords": [
            "al",
            "flag",
            "nation",
            "country",
            "banner"
        ],
        "char": "🇦🇱",
        "fitzpatrick_scale": false,
        "category": "flags"
    },
    "algeria": {
        "keywords": [
            "dz",
            "flag",
            "nation",
            "country",
            "banner"
        ],
        "char": "🇩🇿",
        "fitzpatrick_scale": false,
        "category": "flags"
    },
    "american_samoa": {
        "keywords": [
            "american",
            "ws",
            "flag",
            "nation",
            "country",
            "banner"
        ],
        "char": "🇦🇸",
        "fitzpatrick_scale": false,
        "category": "flags"
    },
    "andorra": {
        "keywords": [
            "ad",
            "flag",
            "nation",
            "country",
            "banner"
        ],
        "char": "🇦🇩",
        "fitzpatrick_scale": false,
        "category": "flags"
    },
    "angola": {
        "keywords": [
            "ao",
            "flag",
            "nation",
            "country",
            "banner"
        ],
        "char": "🇦🇴",
        "fitzpatrick_scale": false,
        "category": "flags"
    },
    "anguilla": {
        "keywords": [
            "ai",
            "flag",
            "nation",
            "country",
            "banner"
        ],
        "char": "🇦🇮",
        "fitzpatrick_scale": false,
        "category": "flags"
    },
    "antarctica": {
        "keywords": [
            "aq",
            "flag",
            "nation",
            "country",
            "banner"
        ],
        "char": "🇦🇶",
        "fitzpatrick_scale": false,
        "category": "flags"
    },
    "antigua_barbuda": {
        "keywords": [
            "antigua",
            "barbuda",
            "flag",
            "nation",
            "country",
            "banner"
        ],
        "char": "🇦🇬",
        "fitzpatrick_scale": false,
        "category": "flags"
    },
    "argentina": {
        "keywords": [
            "ar",
            "flag",
            "nation",
            "country",
            "banner"
        ],
        "char": "🇦🇷",
        "fitzpatrick_scale": false,
        "category": "flags"
    },
    "armenia": {
        "keywords": [
            "am",
            "flag",
            "nation",
            "country",
            "banner"
        ],
        "char": "🇦🇲",
        "fitzpatrick_scale": false,
        "category": "flags"
    },
    "aruba": {
        "keywords": [
            "aw",
            "flag",
            "nation",
            "country",
            "banner"
        ],
        "char": "🇦🇼",
        "fitzpatrick_scale": false,
        "category": "flags"
    },
    "australia": {
        "keywords": [
            "au",
            "flag",
            "nation",
            "country",
            "banner"
        ],
        "char": "🇦🇺",
        "fitzpatrick_scale": false,
        "category": "flags"
    },
    "austria": {
        "keywords": [
            "at",
            "flag",
            "nation",
            "country",
            "banner"
        ],
        "char": "🇦🇹",
        "fitzpatrick_scale": false,
        "category": "flags"
    },
    "azerbaijan": {
        "keywords": [
            "az",
            "flag",
            "nation",
            "country",
            "banner"
        ],
        "char": "🇦🇿",
        "fitzpatrick_scale": false,
        "category": "flags"
    },
    "bahamas": {
        "keywords": [
            "bs",
            "flag",
            "nation",
            "country",
            "banner"
        ],
        "char": "🇧🇸",
        "fitzpatrick_scale": false,
        "category": "flags"
    },
    "bahrain": {
        "keywords": [
            "bh",
            "flag",
            "nation",
            "country",
            "banner"
        ],
        "char": "🇧🇭",
        "fitzpatrick_scale": false,
        "category": "flags"
    },
    "bangladesh": {
        "keywords": [
            "bd",
            "flag",
            "nation",
            "country",
            "banner"
        ],
        "char": "🇧🇩",
        "fitzpatrick_scale": false,
        "category": "flags"
    },
    "barbados": {
        "keywords": [
            "bb",
            "flag",
            "nation",
            "country",
            "banner"
        ],
        "char": "🇧🇧",
        "fitzpatrick_scale": false,
        "category": "flags"
    },
    "belarus": {
        "keywords": [
            "by",
            "flag",
            "nation",
            "country",
            "banner"
        ],
        "char": "🇧🇾",
        "fitzpatrick_scale": false,
        "category": "flags"
    },
    "belgium": {
        "keywords": [
            "be",
            "flag",
            "nation",
            "country",
            "banner"
        ],
        "char": "🇧🇪",
        "fitzpatrick_scale": false,
        "category": "flags"
    },
    "belize": {
        "keywords": [
            "bz",
            "flag",
            "nation",
            "country",
            "banner"
        ],
        "char": "🇧🇿",
        "fitzpatrick_scale": false,
        "category": "flags"
    },
    "benin": {
        "keywords": [
            "bj",
            "flag",
            "nation",
            "country",
            "banner"
        ],
        "char": "🇧🇯",
        "fitzpatrick_scale": false,
        "category": "flags"
    },
    "bermuda": {
        "keywords": [
            "bm",
            "flag",
            "nation",
            "country",
            "banner"
        ],
        "char": "🇧🇲",
        "fitzpatrick_scale": false,
        "category": "flags"
    },
    "bhutan": {
        "keywords": [
            "bt",
            "flag",
            "nation",
            "country",
            "banner"
        ],
        "char": "🇧🇹",
        "fitzpatrick_scale": false,
        "category": "flags"
    },
    "bolivia": {
        "keywords": [
            "bo",
            "flag",
            "nation",
            "country",
            "banner"
        ],
        "char": "🇧🇴",
        "fitzpatrick_scale": false,
        "category": "flags"
    },
    "caribbean_netherlands": {
        "keywords": [
            "bonaire",
            "flag",
            "nation",
            "country",
            "banner"
        ],
        "char": "🇧🇶",
        "fitzpatrick_scale": false,
        "category": "flags"
    },
    "bosnia_herzegovina": {
        "keywords": [
            "bosnia",
            "herzegovina",
            "flag",
            "nation",
            "country",
            "banner"
        ],
        "char": "🇧🇦",
        "fitzpatrick_scale": false,
        "category": "flags"
    },
    "botswana": {
        "keywords": [
            "bw",
            "flag",
            "nation",
            "country",
            "banner"
        ],
        "char": "🇧🇼",
        "fitzpatrick_scale": false,
        "category": "flags"
    },
    "brazil": {
        "keywords": [
            "br",
            "flag",
            "nation",
            "country",
            "banner"
        ],
        "char": "🇧🇷",
        "fitzpatrick_scale": false,
        "category": "flags"
    },
    "british_indian_ocean_territory": {
        "keywords": [
            "british",
            "indian",
            "ocean",
            "territory",
            "flag",
            "nation",
            "country",
            "banner"
        ],
        "char": "🇮🇴",
        "fitzpatrick_scale": false,
        "category": "flags"
    },
    "british_virgin_islands": {
        "keywords": [
            "british",
            "virgin",
            "islands",
            "bvi",
            "flag",
            "nation",
            "country",
            "banner"
        ],
        "char": "🇻🇬",
        "fitzpatrick_scale": false,
        "category": "flags"
    },
    "brunei": {
        "keywords": [
            "bn",
            "darussalam",
            "flag",
            "nation",
            "country",
            "banner"
        ],
        "char": "🇧🇳",
        "fitzpatrick_scale": false,
        "category": "flags"
    },
    "bulgaria": {
        "keywords": [
            "bg",
            "flag",
            "nation",
            "country",
            "banner"
        ],
        "char": "🇧🇬",
        "fitzpatrick_scale": false,
        "category": "flags"
    },
    "burkina_faso": {
        "keywords": [
            "burkina",
            "faso",
            "flag",
            "nation",
            "country",
            "banner"
        ],
        "char": "🇧🇫",
        "fitzpatrick_scale": false,
        "category": "flags"
    },
    "burundi": {
        "keywords": [
            "bi",
            "flag",
            "nation",
            "country",
            "banner"
        ],
        "char": "🇧🇮",
        "fitzpatrick_scale": false,
        "category": "flags"
    },
    "cape_verde": {
        "keywords": [
            "cabo",
            "verde",
            "flag",
            "nation",
            "country",
            "banner"
        ],
        "char": "🇨🇻",
        "fitzpatrick_scale": false,
        "category": "flags"
    },
    "cambodia": {
        "keywords": [
            "kh",
            "flag",
            "nation",
            "country",
            "banner"
        ],
        "char": "🇰🇭",
        "fitzpatrick_scale": false,
        "category": "flags"
    },
    "cameroon": {
        "keywords": [
            "cm",
            "flag",
            "nation",
            "country",
            "banner"
        ],
        "char": "🇨🇲",
        "fitzpatrick_scale": false,
        "category": "flags"
    },
    "canada": {
        "keywords": [
            "ca",
            "flag",
            "nation",
            "country",
            "banner"
        ],
        "char": "🇨🇦",
        "fitzpatrick_scale": false,
        "category": "flags"
    },
    "canary_islands": {
        "keywords": [
            "canary",
            "islands",
            "flag",
            "nation",
            "country",
            "banner"
        ],
        "char": "🇮🇨",
        "fitzpatrick_scale": false,
        "category": "flags"
    },
    "cayman_islands": {
        "keywords": [
            "cayman",
            "islands",
            "flag",
            "nation",
            "country",
            "banner"
        ],
        "char": "🇰🇾",
        "fitzpatrick_scale": false,
        "category": "flags"
    },
    "central_african_republic": {
        "keywords": [
            "central",
            "african",
            "republic",
            "flag",
            "nation",
            "country",
            "banner"
        ],
        "char": "🇨🇫",
        "fitzpatrick_scale": false,
        "category": "flags"
    },
    "chad": {
        "keywords": [
            "td",
            "flag",
            "nation",
            "country",
            "banner"
        ],
        "char": "🇹🇩",
        "fitzpatrick_scale": false,
        "category": "flags"
    },
    "chile": {
        "keywords": [
            "flag",
            "nation",
            "country",
            "banner"
        ],
        "char": "🇨🇱",
        "fitzpatrick_scale": false,
        "category": "flags"
    },
    "cn": {
        "keywords": [
            "china",
            "chinese",
            "prc",
            "flag",
            "country",
            "nation",
            "banner"
        ],
        "char": "🇨🇳",
        "fitzpatrick_scale": false,
        "category": "flags"
    },
    "christmas_island": {
        "keywords": [
            "christmas",
            "island",
            "flag",
            "nation",
            "country",
            "banner"
        ],
        "char": "🇨🇽",
        "fitzpatrick_scale": false,
        "category": "flags"
    },
    "cocos_islands": {
        "keywords": [
            "cocos",
            "keeling",
            "islands",
            "flag",
            "nation",
            "country",
            "banner"
        ],
        "char": "🇨🇨",
        "fitzpatrick_scale": false,
        "category": "flags"
    },
    "colombia": {
        "keywords": [
            "co",
            "flag",
            "nation",
            "country",
            "banner"
        ],
        "char": "🇨🇴",
        "fitzpatrick_scale": false,
        "category": "flags"
    },
    "comoros": {
        "keywords": [
            "km",
            "flag",
            "nation",
            "country",
            "banner"
        ],
        "char": "🇰🇲",
        "fitzpatrick_scale": false,
        "category": "flags"
    },
    "congo_brazzaville": {
        "keywords": [
            "congo",
            "flag",
            "nation",
            "country",
            "banner"
        ],
        "char": "🇨🇬",
        "fitzpatrick_scale": false,
        "category": "flags"
    },
    "congo_kinshasa": {
        "keywords": [
            "congo",
            "democratic",
            "republic",
            "flag",
            "nation",
            "country",
            "banner"
        ],
        "char": "🇨🇩",
        "fitzpatrick_scale": false,
        "category": "flags"
    },
    "cook_islands": {
        "keywords": [
            "cook",
            "islands",
            "flag",
            "nation",
            "country",
            "banner"
        ],
        "char": "🇨🇰",
        "fitzpatrick_scale": false,
        "category": "flags"
    },
    "costa_rica": {
        "keywords": [
            "costa",
            "rica",
            "flag",
            "nation",
            "country",
            "banner"
        ],
        "char": "🇨🇷",
        "fitzpatrick_scale": false,
        "category": "flags"
    },
    "croatia": {
        "keywords": [
            "hr",
            "flag",
            "nation",
            "country",
            "banner"
        ],
        "char": "🇭🇷",
        "fitzpatrick_scale": false,
        "category": "flags"
    },
    "cuba": {
        "keywords": [
            "cu",
            "flag",
            "nation",
            "country",
            "banner"
        ],
        "char": "🇨🇺",
        "fitzpatrick_scale": false,
        "category": "flags"
    },
    "curacao": {
        "keywords": [
            "curaçao",
            "flag",
            "nation",
            "country",
            "banner"
        ],
        "char": "🇨🇼",
        "fitzpatrick_scale": false,
        "category": "flags"
    },
    "cyprus": {
        "keywords": [
            "cy",
            "flag",
            "nation",
            "country",
            "banner"
        ],
        "char": "🇨🇾",
        "fitzpatrick_scale": false,
        "category": "flags"
    },
    "czech_republic": {
        "keywords": [
            "cz",
            "flag",
            "nation",
            "country",
            "banner"
        ],
        "char": "🇨🇿",
        "fitzpatrick_scale": false,
        "category": "flags"
    },
    "denmark": {
        "keywords": [
            "dk",
            "flag",
            "nation",
            "country",
            "banner"
        ],
        "char": "🇩🇰",
        "fitzpatrick_scale": false,
        "category": "flags"
    },
    "djibouti": {
        "keywords": [
            "dj",
            "flag",
            "nation",
            "country",
            "banner"
        ],
        "char": "🇩🇯",
        "fitzpatrick_scale": false,
        "category": "flags"
    },
    "dominica": {
        "keywords": [
            "dm",
            "flag",
            "nation",
            "country",
            "banner"
        ],
        "char": "🇩🇲",
        "fitzpatrick_scale": false,
        "category": "flags"
    },
    "dominican_republic": {
        "keywords": [
            "dominican",
            "republic",
            "flag",
            "nation",
            "country",
            "banner"
        ],
        "char": "🇩🇴",
        "fitzpatrick_scale": false,
        "category": "flags"
    },
    "ecuador": {
        "keywords": [
            "ec",
            "flag",
            "nation",
            "country",
            "banner"
        ],
        "char": "🇪🇨",
        "fitzpatrick_scale": false,
        "category": "flags"
    },
    "egypt": {
        "keywords": [
            "eg",
            "flag",
            "nation",
            "country",
            "banner"
        ],
        "char": "🇪🇬",
        "fitzpatrick_scale": false,
        "category": "flags"
    },
    "el_salvador": {
        "keywords": [
            "el",
            "salvador",
            "flag",
            "nation",
            "country",
            "banner"
        ],
        "char": "🇸🇻",
        "fitzpatrick_scale": false,
        "category": "flags"
    },
    "equatorial_guinea": {
        "keywords": [
            "equatorial",
            "gn",
            "flag",
            "nation",
            "country",
            "banner"
        ],
        "char": "🇬🇶",
        "fitzpatrick_scale": false,
        "category": "flags"
    },
    "eritrea": {
        "keywords": [
            "er",
            "flag",
            "nation",
            "country",
            "banner"
        ],
        "char": "🇪🇷",
        "fitzpatrick_scale": false,
        "category": "flags"
    },
    "estonia": {
        "keywords": [
            "ee",
            "flag",
            "nation",
            "country",
            "banner"
        ],
        "char": "🇪🇪",
        "fitzpatrick_scale": false,
        "category": "flags"
    },
    "ethiopia": {
        "keywords": [
            "et",
            "flag",
            "nation",
            "country",
            "banner"
        ],
        "char": "🇪🇹",
        "fitzpatrick_scale": false,
        "category": "flags"
    },
    "eu": {
        "keywords": [
            "european",
            "union",
            "flag",
            "banner"
        ],
        "char": "🇪🇺",
        "fitzpatrick_scale": false,
        "category": "flags"
    },
    "falkland_islands": {
        "keywords": [
            "falkland",
            "islands",
            "malvinas",
            "flag",
            "nation",
            "country",
            "banner"
        ],
        "char": "🇫🇰",
        "fitzpatrick_scale": false,
        "category": "flags"
    },
    "faroe_islands": {
        "keywords": [
            "faroe",
            "islands",
            "flag",
            "nation",
            "country",
            "banner"
        ],
        "char": "🇫🇴",
        "fitzpatrick_scale": false,
        "category": "flags"
    },
    "fiji": {
        "keywords": [
            "fj",
            "flag",
            "nation",
            "country",
            "banner"
        ],
        "char": "🇫🇯",
        "fitzpatrick_scale": false,
        "category": "flags"
    },
    "finland": {
        "keywords": [
            "fi",
            "flag",
            "nation",
            "country",
            "banner"
        ],
        "char": "🇫🇮",
        "fitzpatrick_scale": false,
        "category": "flags"
    },
    "fr": {
        "keywords": [
            "banner",
            "flag",
            "nation",
            "france",
            "french",
            "country"
        ],
        "char": "🇫🇷",
        "fitzpatrick_scale": false,
        "category": "flags"
    },
    "french_guiana": {
        "keywords": [
            "french",
            "guiana",
            "flag",
            "nation",
            "country",
            "banner"
        ],
        "char": "🇬🇫",
        "fitzpatrick_scale": false,
        "category": "flags"
    },
    "french_polynesia": {
        "keywords": [
            "french",
            "polynesia",
            "flag",
            "nation",
            "country",
            "banner"
        ],
        "char": "🇵🇫",
        "fitzpatrick_scale": false,
        "category": "flags"
    },
    "french_southern_territories": {
        "keywords": [
            "french",
            "southern",
            "territories",
            "flag",
            "nation",
            "country",
            "banner"
        ],
        "char": "🇹🇫",
        "fitzpatrick_scale": false,
        "category": "flags"
    },
    "gabon": {
        "keywords": [
            "ga",
            "flag",
            "nation",
            "country",
            "banner"
        ],
        "char": "🇬🇦",
        "fitzpatrick_scale": false,
        "category": "flags"
    },
    "gambia": {
        "keywords": [
            "gm",
            "flag",
            "nation",
            "country",
            "banner"
        ],
        "char": "🇬🇲",
        "fitzpatrick_scale": false,
        "category": "flags"
    },
    "georgia": {
        "keywords": [
            "ge",
            "flag",
            "nation",
            "country",
            "banner"
        ],
        "char": "🇬🇪",
        "fitzpatrick_scale": false,
        "category": "flags"
    },
    "de": {
        "keywords": [
            "german",
            "nation",
            "flag",
            "country",
            "banner"
        ],
        "char": "🇩🇪",
        "fitzpatrick_scale": false,
        "category": "flags"
    },
    "ghana": {
        "keywords": [
            "gh",
            "flag",
            "nation",
            "country",
            "banner"
        ],
        "char": "🇬🇭",
        "fitzpatrick_scale": false,
        "category": "flags"
    },
    "gibraltar": {
        "keywords": [
            "gi",
            "flag",
            "nation",
            "country",
            "banner"
        ],
        "char": "🇬🇮",
        "fitzpatrick_scale": false,
        "category": "flags"
    },
    "greece": {
        "keywords": [
            "gr",
            "flag",
            "nation",
            "country",
            "banner"
        ],
        "char": "🇬🇷",
        "fitzpatrick_scale": false,
        "category": "flags"
    },
    "greenland": {
        "keywords": [
            "gl",
            "flag",
            "nation",
            "country",
            "banner"
        ],
        "char": "🇬🇱",
        "fitzpatrick_scale": false,
        "category": "flags"
    },
    "grenada": {
        "keywords": [
            "gd",
            "flag",
            "nation",
            "country",
            "banner"
        ],
        "char": "🇬🇩",
        "fitzpatrick_scale": false,
        "category": "flags"
    },
    "guadeloupe": {
        "keywords": [
            "gp",
            "flag",
            "nation",
            "country",
            "banner"
        ],
        "char": "🇬🇵",
        "fitzpatrick_scale": false,
        "category": "flags"
    },
    "guam": {
        "keywords": [
            "gu",
            "flag",
            "nation",
            "country",
            "banner"
        ],
        "char": "🇬🇺",
        "fitzpatrick_scale": false,
        "category": "flags"
    },
    "guatemala": {
        "keywords": [
            "gt",
            "flag",
            "nation",
            "country",
            "banner"
        ],
        "char": "🇬🇹",
        "fitzpatrick_scale": false,
        "category": "flags"
    },
    "guernsey": {
        "keywords": [
            "gg",
            "flag",
            "nation",
            "country",
            "banner"
        ],
        "char": "🇬🇬",
        "fitzpatrick_scale": false,
        "category": "flags"
    },
    "guinea": {
        "keywords": [
            "gn",
            "flag",
            "nation",
            "country",
            "banner"
        ],
        "char": "🇬🇳",
        "fitzpatrick_scale": false,
        "category": "flags"
    },
    "guinea_bissau": {
        "keywords": [
            "gw",
            "bissau",
            "flag",
            "nation",
            "country",
            "banner"
        ],
        "char": "🇬🇼",
        "fitzpatrick_scale": false,
        "category": "flags"
    },
    "guyana": {
        "keywords": [
            "gy",
            "flag",
            "nation",
            "country",
            "banner"
        ],
        "char": "🇬🇾",
        "fitzpatrick_scale": false,
        "category": "flags"
    },
    "haiti": {
        "keywords": [
            "ht",
            "flag",
            "nation",
            "country",
            "banner"
        ],
        "char": "🇭🇹",
        "fitzpatrick_scale": false,
        "category": "flags"
    },
    "honduras": {
        "keywords": [
            "hn",
            "flag",
            "nation",
            "country",
            "banner"
        ],
        "char": "🇭🇳",
        "fitzpatrick_scale": false,
        "category": "flags"
    },
    "hong_kong": {
        "keywords": [
            "hong",
            "kong",
            "flag",
            "nation",
            "country",
            "banner"
        ],
        "char": "🇭🇰",
        "fitzpatrick_scale": false,
        "category": "flags"
    },
    "hungary": {
        "keywords": [
            "hu",
            "flag",
            "nation",
            "country",
            "banner"
        ],
        "char": "🇭🇺",
        "fitzpatrick_scale": false,
        "category": "flags"
    },
    "iceland": {
        "keywords": [
            "is",
            "flag",
            "nation",
            "country",
            "banner"
        ],
        "char": "🇮🇸",
        "fitzpatrick_scale": false,
        "category": "flags"
    },
    "india": {
        "keywords": [
            "in",
            "flag",
            "nation",
            "country",
            "banner"
        ],
        "char": "🇮🇳",
        "fitzpatrick_scale": false,
        "category": "flags"
    },
    "indonesia": {
        "keywords": [
            "flag",
            "nation",
            "country",
            "banner"
        ],
        "char": "🇮🇩",
        "fitzpatrick_scale": false,
        "category": "flags"
    },
    "iran": {
        "keywords": [
            "iran,",
            "islamic",
            "republic",
            "flag",
            "nation",
            "country",
            "banner"
        ],
        "char": "🇮🇷",
        "fitzpatrick_scale": false,
        "category": "flags"
    },
    "iraq": {
        "keywords": [
            "iq",
            "flag",
            "nation",
            "country",
            "banner"
        ],
        "char": "🇮🇶",
        "fitzpatrick_scale": false,
        "category": "flags"
    },
    "ireland": {
        "keywords": [
            "ie",
            "flag",
            "nation",
            "country",
            "banner"
        ],
        "char": "🇮🇪",
        "fitzpatrick_scale": false,
        "category": "flags"
    },
    "isle_of_man": {
        "keywords": [
            "isle",
            "man",
            "flag",
            "nation",
            "country",
            "banner"
        ],
        "char": "🇮🇲",
        "fitzpatrick_scale": false,
        "category": "flags"
    },
    "israel": {
        "keywords": [
            "il",
            "flag",
            "nation",
            "country",
            "banner"
        ],
        "char": "🇮🇱",
        "fitzpatrick_scale": false,
        "category": "flags"
    },
    "it": {
        "keywords": [
            "italy",
            "flag",
            "nation",
            "country",
            "banner"
        ],
        "char": "🇮🇹",
        "fitzpatrick_scale": false,
        "category": "flags"
    },
    "cote_divoire": {
        "keywords": [
            "ivory",
            "coast",
            "flag",
            "nation",
            "country",
            "banner"
        ],
        "char": "🇨🇮",
        "fitzpatrick_scale": false,
        "category": "flags"
    },
    "jamaica": {
        "keywords": [
            "jm",
            "flag",
            "nation",
            "country",
            "banner"
        ],
        "char": "🇯🇲",
        "fitzpatrick_scale": false,
        "category": "flags"
    },
    "jp": {
        "keywords": [
            "japanese",
            "nation",
            "flag",
            "country",
            "banner"
        ],
        "char": "🇯🇵",
        "fitzpatrick_scale": false,
        "category": "flags"
    },
    "jersey": {
        "keywords": [
            "je",
            "flag",
            "nation",
            "country",
            "banner"
        ],
        "char": "🇯🇪",
        "fitzpatrick_scale": false,
        "category": "flags"
    },
    "jordan": {
        "keywords": [
            "jo",
            "flag",
            "nation",
            "country",
            "banner"
        ],
        "char": "🇯🇴",
        "fitzpatrick_scale": false,
        "category": "flags"
    },
    "kazakhstan": {
        "keywords": [
            "kz",
            "flag",
            "nation",
            "country",
            "banner"
        ],
        "char": "🇰🇿",
        "fitzpatrick_scale": false,
        "category": "flags"
    },
    "kenya": {
        "keywords": [
            "ke",
            "flag",
            "nation",
            "country",
            "banner"
        ],
        "char": "🇰🇪",
        "fitzpatrick_scale": false,
        "category": "flags"
    },
    "kiribati": {
        "keywords": [
            "ki",
            "flag",
            "nation",
            "country",
            "banner"
        ],
        "char": "🇰🇮",
        "fitzpatrick_scale": false,
        "category": "flags"
    },
    "kosovo": {
        "keywords": [
            "xk",
            "flag",
            "nation",
            "country",
            "banner"
        ],
        "char": "🇽🇰",
        "fitzpatrick_scale": false,
        "category": "flags"
    },
    "kuwait": {
        "keywords": [
            "kw",
            "flag",
            "nation",
            "country",
            "banner"
        ],
        "char": "🇰🇼",
        "fitzpatrick_scale": false,
        "category": "flags"
    },
    "kyrgyzstan": {
        "keywords": [
            "kg",
            "flag",
            "nation",
            "country",
            "banner"
        ],
        "char": "🇰🇬",
        "fitzpatrick_scale": false,
        "category": "flags"
    },
    "laos": {
        "keywords": [
            "lao",
            "democratic",
            "republic",
            "flag",
            "nation",
            "country",
            "banner"
        ],
        "char": "🇱🇦",
        "fitzpatrick_scale": false,
        "category": "flags"
    },
    "latvia": {
        "keywords": [
            "lv",
            "flag",
            "nation",
            "country",
            "banner"
        ],
        "char": "🇱🇻",
        "fitzpatrick_scale": false,
        "category": "flags"
    },
    "lebanon": {
        "keywords": [
            "lb",
            "flag",
            "nation",
            "country",
            "banner"
        ],
        "char": "🇱🇧",
        "fitzpatrick_scale": false,
        "category": "flags"
    },
    "lesotho": {
        "keywords": [
            "ls",
            "flag",
            "nation",
            "country",
            "banner"
        ],
        "char": "🇱🇸",
        "fitzpatrick_scale": false,
        "category": "flags"
    },
    "liberia": {
        "keywords": [
            "lr",
            "flag",
            "nation",
            "country",
            "banner"
        ],
        "char": "🇱🇷",
        "fitzpatrick_scale": false,
        "category": "flags"
    },
    "libya": {
        "keywords": [
            "ly",
            "flag",
            "nation",
            "country",
            "banner"
        ],
        "char": "🇱🇾",
        "fitzpatrick_scale": false,
        "category": "flags"
    },
    "liechtenstein": {
        "keywords": [
            "li",
            "flag",
            "nation",
            "country",
            "banner"
        ],
        "char": "🇱🇮",
        "fitzpatrick_scale": false,
        "category": "flags"
    },
    "lithuania": {
        "keywords": [
            "lt",
            "flag",
            "nation",
            "country",
            "banner"
        ],
        "char": "🇱🇹",
        "fitzpatrick_scale": false,
        "category": "flags"
    },
    "luxembourg": {
        "keywords": [
            "lu",
            "flag",
            "nation",
            "country",
            "banner"
        ],
        "char": "🇱🇺",
        "fitzpatrick_scale": false,
        "category": "flags"
    },
    "macau": {
        "keywords": [
            "macao",
            "flag",
            "nation",
            "country",
            "banner"
        ],
        "char": "🇲🇴",
        "fitzpatrick_scale": false,
        "category": "flags"
    },
    "macedonia": {
        "keywords": [
            "macedonia,",
            "flag",
            "nation",
            "country",
            "banner"
        ],
        "char": "🇲🇰",
        "fitzpatrick_scale": false,
        "category": "flags"
    },
    "madagascar": {
        "keywords": [
            "mg",
            "flag",
            "nation",
            "country",
            "banner"
        ],
        "char": "🇲🇬",
        "fitzpatrick_scale": false,
        "category": "flags"
    },
    "malawi": {
        "keywords": [
            "mw",
            "flag",
            "nation",
            "country",
            "banner"
        ],
        "char": "🇲🇼",
        "fitzpatrick_scale": false,
        "category": "flags"
    },
    "malaysia": {
        "keywords": [
            "my",
            "flag",
            "nation",
            "country",
            "banner"
        ],
        "char": "🇲🇾",
        "fitzpatrick_scale": false,
        "category": "flags"
    },
    "maldives": {
        "keywords": [
            "mv",
            "flag",
            "nation",
            "country",
            "banner"
        ],
        "char": "🇲🇻",
        "fitzpatrick_scale": false,
        "category": "flags"
    },
    "mali": {
        "keywords": [
            "ml",
            "flag",
            "nation",
            "country",
            "banner"
        ],
        "char": "🇲🇱",
        "fitzpatrick_scale": false,
        "category": "flags"
    },
    "malta": {
        "keywords": [
            "mt",
            "flag",
            "nation",
            "country",
            "banner"
        ],
        "char": "🇲🇹",
        "fitzpatrick_scale": false,
        "category": "flags"
    },
    "marshall_islands": {
        "keywords": [
            "marshall",
            "islands",
            "flag",
            "nation",
            "country",
            "banner"
        ],
        "char": "🇲🇭",
        "fitzpatrick_scale": false,
        "category": "flags"
    },
    "martinique": {
        "keywords": [
            "mq",
            "flag",
            "nation",
            "country",
            "banner"
        ],
        "char": "🇲🇶",
        "fitzpatrick_scale": false,
        "category": "flags"
    },
    "mauritania": {
        "keywords": [
            "mr",
            "flag",
            "nation",
            "country",
            "banner"
        ],
        "char": "🇲🇷",
        "fitzpatrick_scale": false,
        "category": "flags"
    },
    "mauritius": {
        "keywords": [
            "mu",
            "flag",
            "nation",
            "country",
            "banner"
        ],
        "char": "🇲🇺",
        "fitzpatrick_scale": false,
        "category": "flags"
    },
    "mayotte": {
        "keywords": [
            "yt",
            "flag",
            "nation",
            "country",
            "banner"
        ],
        "char": "🇾🇹",
        "fitzpatrick_scale": false,
        "category": "flags"
    },
    "mexico": {
        "keywords": [
            "mx",
            "flag",
            "nation",
            "country",
            "banner"
        ],
        "char": "🇲🇽",
        "fitzpatrick_scale": false,
        "category": "flags"
    },
    "micronesia": {
        "keywords": [
            "micronesia,",
            "federated",
            "states",
            "flag",
            "nation",
            "country",
            "banner"
        ],
        "char": "🇫🇲",
        "fitzpatrick_scale": false,
        "category": "flags"
    },
    "moldova": {
        "keywords": [
            "moldova,",
            "republic",
            "flag",
            "nation",
            "country",
            "banner"
        ],
        "char": "🇲🇩",
        "fitzpatrick_scale": false,
        "category": "flags"
    },
    "monaco": {
        "keywords": [
            "mc",
            "flag",
            "nation",
            "country",
            "banner"
        ],
        "char": "🇲🇨",
        "fitzpatrick_scale": false,
        "category": "flags"
    },
    "mongolia": {
        "keywords": [
            "mn",
            "flag",
            "nation",
            "country",
            "banner"
        ],
        "char": "🇲🇳",
        "fitzpatrick_scale": false,
        "category": "flags"
    },
    "montenegro": {
        "keywords": [
            "me",
            "flag",
            "nation",
            "country",
            "banner"
        ],
        "char": "🇲🇪",
        "fitzpatrick_scale": false,
        "category": "flags"
    },
    "montserrat": {
        "keywords": [
            "ms",
            "flag",
            "nation",
            "country",
            "banner"
        ],
        "char": "🇲🇸",
        "fitzpatrick_scale": false,
        "category": "flags"
    },
    "morocco": {
        "keywords": [
            "ma",
            "flag",
            "nation",
            "country",
            "banner"
        ],
        "char": "🇲🇦",
        "fitzpatrick_scale": false,
        "category": "flags"
    },
    "mozambique": {
        "keywords": [
            "mz",
            "flag",
            "nation",
            "country",
            "banner"
        ],
        "char": "🇲🇿",
        "fitzpatrick_scale": false,
        "category": "flags"
    },
    "myanmar": {
        "keywords": [
            "mm",
            "flag",
            "nation",
            "country",
            "banner"
        ],
        "char": "🇲🇲",
        "fitzpatrick_scale": false,
        "category": "flags"
    },
    "namibia": {
        "keywords": [
            "na",
            "flag",
            "nation",
            "country",
            "banner"
        ],
        "char": "🇳🇦",
        "fitzpatrick_scale": false,
        "category": "flags"
    },
    "nauru": {
        "keywords": [
            "nr",
            "flag",
            "nation",
            "country",
            "banner"
        ],
        "char": "🇳🇷",
        "fitzpatrick_scale": false,
        "category": "flags"
    },
    "nepal": {
        "keywords": [
            "np",
            "flag",
            "nation",
            "country",
            "banner"
        ],
        "char": "🇳🇵",
        "fitzpatrick_scale": false,
        "category": "flags"
    },
    "netherlands": {
        "keywords": [
            "nl",
            "flag",
            "nation",
            "country",
            "banner"
        ],
        "char": "🇳🇱",
        "fitzpatrick_scale": false,
        "category": "flags"
    },
    "new_caledonia": {
        "keywords": [
            "new",
            "caledonia",
            "flag",
            "nation",
            "country",
            "banner"
        ],
        "char": "🇳🇨",
        "fitzpatrick_scale": false,
        "category": "flags"
    },
    "new_zealand": {
        "keywords": [
            "new",
            "zealand",
            "flag",
            "nation",
            "country",
            "banner"
        ],
        "char": "🇳🇿",
        "fitzpatrick_scale": false,
        "category": "flags"
    },
    "nicaragua": {
        "keywords": [
            "ni",
            "flag",
            "nation",
            "country",
            "banner"
        ],
        "char": "🇳🇮",
        "fitzpatrick_scale": false,
        "category": "flags"
    },
    "niger": {
        "keywords": [
            "ne",
            "flag",
            "nation",
            "country",
            "banner"
        ],
        "char": "🇳🇪",
        "fitzpatrick_scale": false,
        "category": "flags"
    },
    "nigeria": {
        "keywords": [
            "flag",
            "nation",
            "country",
            "banner"
        ],
        "char": "🇳🇬",
        "fitzpatrick_scale": false,
        "category": "flags"
    },
    "niue": {
        "keywords": [
            "nu",
            "flag",
            "nation",
            "country",
            "banner"
        ],
        "char": "🇳🇺",
        "fitzpatrick_scale": false,
        "category": "flags"
    },
    "norfolk_island": {
        "keywords": [
            "norfolk",
            "island",
            "flag",
            "nation",
            "country",
            "banner"
        ],
        "char": "🇳🇫",
        "fitzpatrick_scale": false,
        "category": "flags"
    },
    "northern_mariana_islands": {
        "keywords": [
            "northern",
            "mariana",
            "islands",
            "flag",
            "nation",
            "country",
            "banner"
        ],
        "char": "🇲🇵",
        "fitzpatrick_scale": false,
        "category": "flags"
    },
    "north_korea": {
        "keywords": [
            "north",
            "korea",
            "nation",
            "flag",
            "country",
            "banner"
        ],
        "char": "🇰🇵",
        "fitzpatrick_scale": false,
        "category": "flags"
    },
    "norway": {
        "keywords": [
            "no",
            "flag",
            "nation",
            "country",
            "banner"
        ],
        "char": "🇳🇴",
        "fitzpatrick_scale": false,
        "category": "flags"
    },
    "oman": {
        "keywords": [
            "om_symbol",
            "flag",
            "nation",
            "country",
            "banner"
        ],
        "char": "🇴🇲",
        "fitzpatrick_scale": false,
        "category": "flags"
    },
    "pakistan": {
        "keywords": [
            "pk",
            "flag",
            "nation",
            "country",
            "banner"
        ],
        "char": "🇵🇰",
        "fitzpatrick_scale": false,
        "category": "flags"
    },
    "palau": {
        "keywords": [
            "pw",
            "flag",
            "nation",
            "country",
            "banner"
        ],
        "char": "🇵🇼",
        "fitzpatrick_scale": false,
        "category": "flags"
    },
    "palestinian_territories": {
        "keywords": [
            "palestine",
            "palestinian",
            "territories",
            "flag",
            "nation",
            "country",
            "banner"
        ],
        "char": "🇵🇸",
        "fitzpatrick_scale": false,
        "category": "flags"
    },
    "panama": {
        "keywords": [
            "pa",
            "flag",
            "nation",
            "country",
            "banner"
        ],
        "char": "🇵🇦",
        "fitzpatrick_scale": false,
        "category": "flags"
    },
    "papua_new_guinea": {
        "keywords": [
            "papua",
            "new",
            "guinea",
            "flag",
            "nation",
            "country",
            "banner"
        ],
        "char": "🇵🇬",
        "fitzpatrick_scale": false,
        "category": "flags"
    },
    "paraguay": {
        "keywords": [
            "py",
            "flag",
            "nation",
            "country",
            "banner"
        ],
        "char": "🇵🇾",
        "fitzpatrick_scale": false,
        "category": "flags"
    },
    "peru": {
        "keywords": [
            "pe",
            "flag",
            "nation",
            "country",
            "banner"
        ],
        "char": "🇵🇪",
        "fitzpatrick_scale": false,
        "category": "flags"
    },
    "philippines": {
        "keywords": [
            "ph",
            "flag",
            "nation",
            "country",
            "banner"
        ],
        "char": "🇵🇭",
        "fitzpatrick_scale": false,
        "category": "flags"
    },
    "pitcairn_islands": {
        "keywords": [
            "pitcairn",
            "flag",
            "nation",
            "country",
            "banner"
        ],
        "char": "🇵🇳",
        "fitzpatrick_scale": false,
        "category": "flags"
    },
    "poland": {
        "keywords": [
            "pl",
            "flag",
            "nation",
            "country",
            "banner"
        ],
        "char": "🇵🇱",
        "fitzpatrick_scale": false,
        "category": "flags"
    },
    "portugal": {
        "keywords": [
            "pt",
            "flag",
            "nation",
            "country",
            "banner"
        ],
        "char": "🇵🇹",
        "fitzpatrick_scale": false,
        "category": "flags"
    },
    "puerto_rico": {
        "keywords": [
            "puerto",
            "rico",
            "flag",
            "nation",
            "country",
            "banner"
        ],
        "char": "🇵🇷",
        "fitzpatrick_scale": false,
        "category": "flags"
    },
    "qatar": {
        "keywords": [
            "qa",
            "flag",
            "nation",
            "country",
            "banner"
        ],
        "char": "🇶🇦",
        "fitzpatrick_scale": false,
        "category": "flags"
    },
    "reunion": {
        "keywords": [
            "réunion",
            "flag",
            "nation",
            "country",
            "banner"
        ],
        "char": "🇷🇪",
        "fitzpatrick_scale": false,
        "category": "flags"
    },
    "romania": {
        "keywords": [
            "ro",
            "flag",
            "nation",
            "country",
            "banner"
        ],
        "char": "🇷🇴",
        "fitzpatrick_scale": false,
        "category": "flags"
    },
    "ru": {
        "keywords": [
            "russian",
            "federation",
            "flag",
            "nation",
            "country",
            "banner"
        ],
        "char": "🇷🇺",
        "fitzpatrick_scale": false,
        "category": "flags"
    },
    "rwanda": {
        "keywords": [
            "rw",
            "flag",
            "nation",
            "country",
            "banner"
        ],
        "char": "🇷🇼",
        "fitzpatrick_scale": false,
        "category": "flags"
    },
    "st_barthelemy": {
        "keywords": [
            "saint",
            "barthélemy",
            "flag",
            "nation",
            "country",
            "banner"
        ],
        "char": "🇧🇱",
        "fitzpatrick_scale": false,
        "category": "flags"
    },
    "st_helena": {
        "keywords": [
            "saint",
            "helena",
            "ascension",
            "tristan",
            "cunha",
            "flag",
            "nation",
            "country",
            "banner"
        ],
        "char": "🇸🇭",
        "fitzpatrick_scale": false,
        "category": "flags"
    },
    "st_kitts_nevis": {
        "keywords": [
            "saint",
            "kitts",
            "nevis",
            "flag",
            "nation",
            "country",
            "banner"
        ],
        "char": "🇰🇳",
        "fitzpatrick_scale": false,
        "category": "flags"
    },
    "st_lucia": {
        "keywords": [
            "saint",
            "lucia",
            "flag",
            "nation",
            "country",
            "banner"
        ],
        "char": "🇱🇨",
        "fitzpatrick_scale": false,
        "category": "flags"
    },
    "st_pierre_miquelon": {
        "keywords": [
            "saint",
            "pierre",
            "miquelon",
            "flag",
            "nation",
            "country",
            "banner"
        ],
        "char": "🇵🇲",
        "fitzpatrick_scale": false,
        "category": "flags"
    },
    "st_vincent_grenadines": {
        "keywords": [
            "saint",
            "vincent",
            "grenadines",
            "flag",
            "nation",
            "country",
            "banner"
        ],
        "char": "🇻🇨",
        "fitzpatrick_scale": false,
        "category": "flags"
    },
    "samoa": {
        "keywords": [
            "ws",
            "flag",
            "nation",
            "country",
            "banner"
        ],
        "char": "🇼🇸",
        "fitzpatrick_scale": false,
        "category": "flags"
    },
    "san_marino": {
        "keywords": [
            "san",
            "marino",
            "flag",
            "nation",
            "country",
            "banner"
        ],
        "char": "🇸🇲",
        "fitzpatrick_scale": false,
        "category": "flags"
    },
    "sao_tome_principe": {
        "keywords": [
            "sao",
            "tome",
            "principe",
            "flag",
            "nation",
            "country",
            "banner"
        ],
        "char": "🇸🇹",
        "fitzpatrick_scale": false,
        "category": "flags"
    },
    "saudi_arabia": {
        "keywords": [
            "flag",
            "nation",
            "country",
            "banner"
        ],
        "char": "🇸🇦",
        "fitzpatrick_scale": false,
        "category": "flags"
    },
    "senegal": {
        "keywords": [
            "sn",
            "flag",
            "nation",
            "country",
            "banner"
        ],
        "char": "🇸🇳",
        "fitzpatrick_scale": false,
        "category": "flags"
    },
    "serbia": {
        "keywords": [
            "rs",
            "flag",
            "nation",
            "country",
            "banner"
        ],
        "char": "🇷🇸",
        "fitzpatrick_scale": false,
        "category": "flags"
    },
    "seychelles": {
        "keywords": [
            "sc",
            "flag",
            "nation",
            "country",
            "banner"
        ],
        "char": "🇸🇨",
        "fitzpatrick_scale": false,
        "category": "flags"
    },
    "sierra_leone": {
        "keywords": [
            "sierra",
            "leone",
            "flag",
            "nation",
            "country",
            "banner"
        ],
        "char": "🇸🇱",
        "fitzpatrick_scale": false,
        "category": "flags"
    },
    "singapore": {
        "keywords": [
            "sg",
            "flag",
            "nation",
            "country",
            "banner"
        ],
        "char": "🇸🇬",
        "fitzpatrick_scale": false,
        "category": "flags"
    },
    "sint_maarten": {
        "keywords": [
            "sint",
            "maarten",
            "dutch",
            "flag",
            "nation",
            "country",
            "banner"
        ],
        "char": "🇸🇽",
        "fitzpatrick_scale": false,
        "category": "flags"
    },
    "slovakia": {
        "keywords": [
            "sk",
            "flag",
            "nation",
            "country",
            "banner"
        ],
        "char": "🇸🇰",
        "fitzpatrick_scale": false,
        "category": "flags"
    },
    "slovenia": {
        "keywords": [
            "si",
            "flag",
            "nation",
            "country",
            "banner"
        ],
        "char": "🇸🇮",
        "fitzpatrick_scale": false,
        "category": "flags"
    },
    "solomon_islands": {
        "keywords": [
            "solomon",
            "islands",
            "flag",
            "nation",
            "country",
            "banner"
        ],
        "char": "🇸🇧",
        "fitzpatrick_scale": false,
        "category": "flags"
    },
    "somalia": {
        "keywords": [
            "so",
            "flag",
            "nation",
            "country",
            "banner"
        ],
        "char": "🇸🇴",
        "fitzpatrick_scale": false,
        "category": "flags"
    },
    "south_africa": {
        "keywords": [
            "south",
            "africa",
            "flag",
            "nation",
            "country",
            "banner"
        ],
        "char": "🇿🇦",
        "fitzpatrick_scale": false,
        "category": "flags"
    },
    "south_georgia_south_sandwich_islands": {
        "keywords": [
            "south",
            "georgia",
            "sandwich",
            "islands",
            "flag",
            "nation",
            "country",
            "banner"
        ],
        "char": "🇬🇸",
        "fitzpatrick_scale": false,
        "category": "flags"
    },
    "kr": {
        "keywords": [
            "south",
            "korea",
            "nation",
            "flag",
            "country",
            "banner"
        ],
        "char": "🇰🇷",
        "fitzpatrick_scale": false,
        "category": "flags"
    },
    "south_sudan": {
        "keywords": [
            "south",
            "sd",
            "flag",
            "nation",
            "country",
            "banner"
        ],
        "char": "🇸🇸",
        "fitzpatrick_scale": false,
        "category": "flags"
    },
    "es": {
        "keywords": [
            "spain",
            "flag",
            "nation",
            "country",
            "banner"
        ],
        "char": "🇪🇸",
        "fitzpatrick_scale": false,
        "category": "flags"
    },
    "sri_lanka": {
        "keywords": [
            "sri",
            "lanka",
            "flag",
            "nation",
            "country",
            "banner"
        ],
        "char": "🇱🇰",
        "fitzpatrick_scale": false,
        "category": "flags"
    },
    "sudan": {
        "keywords": [
            "sd",
            "flag",
            "nation",
            "country",
            "banner"
        ],
        "char": "🇸🇩",
        "fitzpatrick_scale": false,
        "category": "flags"
    },
    "suriname": {
        "keywords": [
            "sr",
            "flag",
            "nation",
            "country",
            "banner"
        ],
        "char": "🇸🇷",
        "fitzpatrick_scale": false,
        "category": "flags"
    },
    "swaziland": {
        "keywords": [
            "sz",
            "flag",
            "nation",
            "country",
            "banner"
        ],
        "char": "🇸🇿",
        "fitzpatrick_scale": false,
        "category": "flags"
    },
    "sweden": {
        "keywords": [
            "se",
            "flag",
            "nation",
            "country",
            "banner"
        ],
        "char": "🇸🇪",
        "fitzpatrick_scale": false,
        "category": "flags"
    },
    "switzerland": {
        "keywords": [
            "ch",
            "flag",
            "nation",
            "country",
            "banner"
        ],
        "char": "🇨🇭",
        "fitzpatrick_scale": false,
        "category": "flags"
    },
    "syria": {
        "keywords": [
            "syrian",
            "arab",
            "republic",
            "flag",
            "nation",
            "country",
            "banner"
        ],
        "char": "🇸🇾",
        "fitzpatrick_scale": false,
        "category": "flags"
    },
    "taiwan": {
        "keywords": [
            "tw",
            "flag",
            "nation",
            "country",
            "banner"
        ],
        "char": "🇹🇼",
        "fitzpatrick_scale": false,
        "category": "flags"
    },
    "tajikistan": {
        "keywords": [
            "tj",
            "flag",
            "nation",
            "country",
            "banner"
        ],
        "char": "🇹🇯",
        "fitzpatrick_scale": false,
        "category": "flags"
    },
    "tanzania": {
        "keywords": [
            "tanzania,",
            "united",
            "republic",
            "flag",
            "nation",
            "country",
            "banner"
        ],
        "char": "🇹🇿",
        "fitzpatrick_scale": false,
        "category": "flags"
    },
    "thailand": {
        "keywords": [
            "th",
            "flag",
            "nation",
            "country",
            "banner"
        ],
        "char": "🇹🇭",
        "fitzpatrick_scale": false,
        "category": "flags"
    },
    "timor_leste": {
        "keywords": [
            "timor",
            "leste",
            "flag",
            "nation",
            "country",
            "banner"
        ],
        "char": "🇹🇱",
        "fitzpatrick_scale": false,
        "category": "flags"
    },
    "togo": {
        "keywords": [
            "tg",
            "flag",
            "nation",
            "country",
            "banner"
        ],
        "char": "🇹🇬",
        "fitzpatrick_scale": false,
        "category": "flags"
    },
    "tokelau": {
        "keywords": [
            "tk",
            "flag",
            "nation",
            "country",
            "banner"
        ],
        "char": "🇹🇰",
        "fitzpatrick_scale": false,
        "category": "flags"
    },
    "tonga": {
        "keywords": [
            "to",
            "flag",
            "nation",
            "country",
            "banner"
        ],
        "char": "🇹🇴",
        "fitzpatrick_scale": false,
        "category": "flags"
    },
    "trinidad_tobago": {
        "keywords": [
            "trinidad",
            "tobago",
            "flag",
            "nation",
            "country",
            "banner"
        ],
        "char": "🇹🇹",
        "fitzpatrick_scale": false,
        "category": "flags"
    },
    "tunisia": {
        "keywords": [
            "tn",
            "flag",
            "nation",
            "country",
            "banner"
        ],
        "char": "🇹🇳",
        "fitzpatrick_scale": false,
        "category": "flags"
    },
    "tr": {
        "keywords": [
            "turkey",
            "flag",
            "nation",
            "country",
            "banner"
        ],
        "char": "🇹🇷",
        "fitzpatrick_scale": false,
        "category": "flags"
    },
    "turkmenistan": {
        "keywords": [
            "flag",
            "nation",
            "country",
            "banner"
        ],
        "char": "🇹🇲",
        "fitzpatrick_scale": false,
        "category": "flags"
    },
    "turks_caicos_islands": {
        "keywords": [
            "turks",
            "caicos",
            "islands",
            "flag",
            "nation",
            "country",
            "banner"
        ],
        "char": "🇹🇨",
        "fitzpatrick_scale": false,
        "category": "flags"
    },
    "tuvalu": {
        "keywords": [
            "flag",
            "nation",
            "country",
            "banner"
        ],
        "char": "🇹🇻",
        "fitzpatrick_scale": false,
        "category": "flags"
    },
    "uganda": {
        "keywords": [
            "ug",
            "flag",
            "nation",
            "country",
            "banner"
        ],
        "char": "🇺🇬",
        "fitzpatrick_scale": false,
        "category": "flags"
    },
    "ukraine": {
        "keywords": [
            "ua",
            "flag",
            "nation",
            "country",
            "banner"
        ],
        "char": "🇺🇦",
        "fitzpatrick_scale": false,
        "category": "flags"
    },
    "united_arab_emirates": {
        "keywords": [
            "united",
            "arab",
            "emirates",
            "flag",
            "nation",
            "country",
            "banner"
        ],
        "char": "🇦🇪",
        "fitzpatrick_scale": false,
        "category": "flags"
    },
    "uk": {
        "keywords": [
            "united",
            "kingdom",
            "great",
            "britain",
            "northern",
            "ireland",
            "flag",
            "nation",
            "country",
            "banner",
            "british",
            "UK",
            "english",
            "england",
            "union jack"
        ],
        "char": "🇬🇧",
        "fitzpatrick_scale": false,
        "category": "flags"
    },
    "england": {
        "keywords": [
            "flag",
            "english"
        ],
        "char": "🏴󠁧󠁢󠁥󠁮󠁧󠁿",
        "fitzpatrick_scale": false,
        "category": "flags"
    },
    "scotland": {
        "keywords": [
            "flag",
            "scottish"
        ],
        "char": "🏴󠁧󠁢󠁳󠁣󠁴󠁿",
        "fitzpatrick_scale": false,
        "category": "flags"
    },
    "wales": {
        "keywords": [
            "flag",
            "welsh"
        ],
        "char": "🏴󠁧󠁢󠁷󠁬󠁳󠁿",
        "fitzpatrick_scale": false,
        "category": "flags"
    },
    "us": {
        "keywords": [
            "united",
            "states",
            "america",
            "flag",
            "nation",
            "country",
            "banner"
        ],
        "char": "🇺🇸",
        "fitzpatrick_scale": false,
        "category": "flags"
    },
    "us_virgin_islands": {
        "keywords": [
            "virgin",
            "islands",
            "us",
            "flag",
            "nation",
            "country",
            "banner"
        ],
        "char": "🇻🇮",
        "fitzpatrick_scale": false,
        "category": "flags"
    },
    "uruguay": {
        "keywords": [
            "uy",
            "flag",
            "nation",
            "country",
            "banner"
        ],
        "char": "🇺🇾",
        "fitzpatrick_scale": false,
        "category": "flags"
    },
    "uzbekistan": {
        "keywords": [
            "uz",
            "flag",
            "nation",
            "country",
            "banner"
        ],
        "char": "🇺🇿",
        "fitzpatrick_scale": false,
        "category": "flags"
    },
    "vanuatu": {
        "keywords": [
            "vu",
            "flag",
            "nation",
            "country",
            "banner"
        ],
        "char": "🇻🇺",
        "fitzpatrick_scale": false,
        "category": "flags"
    },
    "vatican_city": {
        "keywords": [
            "vatican",
            "city",
            "flag",
            "nation",
            "country",
            "banner"
        ],
        "char": "🇻🇦",
        "fitzpatrick_scale": false,
        "category": "flags"
    },
    "venezuela": {
        "keywords": [
            "ve",
            "bolivarian",
            "republic",
            "flag",
            "nation",
            "country",
            "banner"
        ],
        "char": "🇻🇪",
        "fitzpatrick_scale": false,
        "category": "flags"
    },
    "vietnam": {
        "keywords": [
            "viet",
            "nam",
            "flag",
            "nation",
            "country",
            "banner"
        ],
        "char": "🇻🇳",
        "fitzpatrick_scale": false,
        "category": "flags"
    },
    "wallis_futuna": {
        "keywords": [
            "wallis",
            "futuna",
            "flag",
            "nation",
            "country",
            "banner"
        ],
        "char": "🇼🇫",
        "fitzpatrick_scale": false,
        "category": "flags"
    },
    "western_sahara": {
        "keywords": [
            "western",
            "sahara",
            "flag",
            "nation",
            "country",
            "banner"
        ],
        "char": "🇪🇭",
        "fitzpatrick_scale": false,
        "category": "flags"
    },
    "yemen": {
        "keywords": [
            "ye",
            "flag",
            "nation",
            "country",
            "banner"
        ],
        "char": "🇾🇪",
        "fitzpatrick_scale": false,
        "category": "flags"
    },
    "zambia": {
        "keywords": [
            "zm",
            "flag",
            "nation",
            "country",
            "banner"
        ],
        "char": "🇿🇲",
        "fitzpatrick_scale": false,
        "category": "flags"
    },
    "zimbabwe": {
        "keywords": [
            "zw",
            "flag",
            "nation",
            "country",
            "banner"
        ],
        "char": "🇿🇼",
        "fitzpatrick_scale": false,
        "category": "flags"
    },
    "united_nations": {
        "keywords": [
            "un",
            "flag",
            "banner"
        ],
        "char": "🇺🇳",
        "fitzpatrick_scale": false,
        "category": "flags"
    },
    "pirate_flag": {
        "keywords": [
            "skull",
            "crossbones",
            "flag",
            "banner"
        ],
        "char": "🏴‍☠️",
        "fitzpatrick_scale": false,
        "category": "flags"
    }
}