{
    "green_apple": {
        "keywords": [
            "fruit",
            "nature"
        ],
        "char": "🍏",
        "fitzpatrick_scale": false,
        "category": "food_and_drink"
    },
    "apple": {
        "keywords": [
            "fruit",
            "mac",
            "school"
        ],
        "char": "🍎",
        "fitzpatrick_scale": false,
        "category": "food_and_drink"
    },
    "pear": {
        "keywords": [
            "fruit",
            "nature",
            "food"
        ],
        "char": "🍐",
        "fitzpatrick_scale": false,
        "category": "food_and_drink"
    },
    "tangerine": {
        "keywords": [
            "food",
            "fruit",
            "nature",
            "orange"
        ],
        "char": "🍊",
        "fitzpatrick_scale": false,
        "category": "food_and_drink"
    },
    "lemon": {
        "keywords": [
            "fruit",
            "nature"
        ],
        "char": "🍋",
        "fitzpatrick_scale": false,
        "category": "food_and_drink"
    },
    "banana": {
        "keywords": [
            "fruit",
            "food",
            "monkey"
        ],
        "char": "🍌",
        "fitzpatrick_scale": false,
        "category": "food_and_drink"
    },
    "watermelon": {
        "keywords": [
            "fruit",
            "food",
            "picnic",
            "summer"
        ],
        "char": "🍉",
        "fitzpatrick_scale": false,
        "category": "food_and_drink"
    },
    "grapes": {
        "keywords": [
            "fruit",
            "food",
            "wine"
        ],
        "char": "🍇",
        "fitzpatrick_scale": false,
        "category": "food_and_drink"
    },
    "strawberry": {
        "keywords": [
            "fruit",
            "food",
            "nature"
        ],
        "char": "🍓",
        "fitzpatrick_scale": false,
        "category": "food_and_drink"
    },
    "melon": {
        "keywords": [
            "fruit",
            "nature",
            "food"
        ],
        "char": "🍈",
        "fitzpatrick_scale": false,
        "category": "food_and_drink"
    },
    "cherries": {
        "keywords": [
            "food",
            "fruit"
        ],
        "char": "🍒",
        "fitzpatrick_scale": false,
        "category": "food_and_drink"
    },
    "peach": {
        "keywords": [
            "fruit",
            "nature",
            "food"
        ],
        "char": "🍑",
        "fitzpatrick_scale": false,
        "category": "food_and_drink"
    },
    "pineapple": {
        "keywords": [
            "fruit",
            "nature",
            "food"
        ],
        "char": "🍍",
        "fitzpatrick_scale": false,
        "category": "food_and_drink"
    },
    "coconut": {
        "keywords": [
            "fruit",
            "nature",
            "food",
            "palm"
        ],
        "char": "🥥",
        "fitzpatrick_scale": false,
        "category": "food_and_drink"
    },
    "kiwi_fruit": {
        "keywords": [
            "fruit",
            "food"
        ],
        "char": "🥝",
        "fitzpatrick_scale": false,
        "category": "food_and_drink"
    },
    "mango": {
        "keywords": [
            "fruit",
            "food",
            "tropical"
        ],
        "char": "🥭",
        "fitzpatrick_scale": false,
        "category": "food_and_drink"
    },
    "avocado": {
        "keywords": [
            "fruit",
            "food"
        ],
        "char": "🥑",
        "fitzpatrick_scale": false,
        "category": "food_and_drink"
    },
    "broccoli": {
        "keywords": [
            "fruit",
            "food",
            "vegetable"
        ],
        "char": "🥦",
        "fitzpatrick_scale": false,
        "category": "food_and_drink"
    },
    "tomato": {
        "keywords": [
            "fruit",
            "vegetable",
            "nature",
            "food"
        ],
        "char": "🍅",
        "fitzpatrick_scale": false,
        "category": "food_and_drink"
    },
    "eggplant": {
        "keywords": [
            "vegetable",
            "nature",
            "food",
            "aubergine"
        ],
        "char": "🍆",
        "fitzpatrick_scale": false,
        "category": "food_and_drink"
    },
    "cucumber": {
        "keywords": [
            "fruit",
            "food",
            "pickle"
        ],
        "char": "🥒",
        "fitzpatrick_scale": false,
        "category": "food_and_drink"
    },
    "carrot": {
        "keywords": [
            "vegetable",
            "food",
            "orange"
        ],
        "char": "🥕",
        "fitzpatrick_scale": false,
        "category": "food_and_drink"
    },
    "hot_pepper": {
        "keywords": [
            "food",
            "spicy",
            "chilli",
            "chili"
        ],
        "char": "🌶",
        "fitzpatrick_scale": false,
        "category": "food_and_drink"
    },
    "potato": {
        "keywords": [
            "food",
            "tuber",
            "vegatable",
            "starch"
        ],
        "char": "🥔",
        "fitzpatrick_scale": false,
        "category": "food_and_drink"
    },
    "corn": {
        "keywords": [
            "food",
            "vegetable",
            "plant"
        ],
        "char": "🌽",
        "fitzpatrick_scale": false,
        "category": "food_and_drink"
    },
    "leafy_greens": {
        "keywords": [
            "food",
            "vegetable",
            "plant",
            "bok choy",
            "cabbage",
            "kale",
            "lettuce"
        ],
        "char": "🥬",
        "fitzpatrick_scale": false,
        "category": "food_and_drink"
    },
    "sweet_potato": {
        "keywords": [
            "food",
            "nature"
        ],
        "char": "🍠",
        "fitzpatrick_scale": false,
        "category": "food_and_drink"
    },
    "peanuts": {
        "keywords": [
            "food",
            "nut"
        ],
        "char": "🥜",
        "fitzpatrick_scale": false,
        "category": "food_and_drink"
    },
    "honey_pot": {
        "keywords": [
            "bees",
            "sweet",
            "kitchen"
        ],
        "char": "🍯",
        "fitzpatrick_scale": false,
        "category": "food_and_drink"
    },
    "croissant": {
        "keywords": [
            "food",
            "bread",
            "french"
        ],
        "char": "🥐",
        "fitzpatrick_scale": false,
        "category": "food_and_drink"
    },
    "bread": {
        "keywords": [
            "food",
            "wheat",
            "breakfast",
            "toast"
        ],
        "char": "🍞",
        "fitzpatrick_scale": false,
        "category": "food_and_drink"
    },
    "baguette_bread": {
        "keywords": [
            "food",
            "bread",
            "french"
        ],
        "char": "🥖",
        "fitzpatrick_scale": false,
        "category": "food_and_drink"
    },
    "bagel": {
        "keywords": [
            "food",
            "bread",
            "bakery",
            "schmear"
        ],
        "char": "🥯",
        "fitzpatrick_scale": false,
        "category": "food_and_drink"
    },
    "pretzel": {
        "keywords": [
            "food",
            "bread",
            "twisted"
        ],
        "char": "🥨",
        "fitzpatrick_scale": false,
        "category": "food_and_drink"
    },
    "cheese": {
        "keywords": [
            "food",
            "chadder"
        ],
        "char": "🧀",
        "fitzpatrick_scale": false,
        "category": "food_and_drink"
    },
    "egg": {
        "keywords": [
            "food",
            "chicken",
            "breakfast"
        ],
        "char": "🥚",
        "fitzpatrick_scale": false,
        "category": "food_and_drink"
    },
    "bacon": {
        "keywords": [
            "food",
            "breakfast",
            "pork",
            "pig",
            "meat"
        ],
        "char": "🥓",
        "fitzpatrick_scale": false,
        "category": "food_and_drink"
    },
    "steak": {
        "keywords": [
            "food",
            "cow",
            "meat",
            "cut",
            "chop",
            "lambchop",
            "porkchop"
        ],
        "char": "🥩",
        "fitzpatrick_scale": false,
        "category": "food_and_drink"
    },
    "pancakes": {
        "keywords": [
            "food",
            "breakfast",
            "flapjacks",
            "hotcakes"
        ],
        "char": "🥞",
        "fitzpatrick_scale": false,
        "category": "food_and_drink"
    },
    "poultry_leg": {
        "keywords": [
            "food",
            "meat",
            "drumstick",
            "bird",
            "chicken",
            "turkey"
        ],
        "char": "🍗",
        "fitzpatrick_scale": false,
        "category": "food_and_drink"
    },
    "meat_on_bone": {
        "keywords": [
            "good",
            "food",
            "drumstick"
        ],
        "char": "🍖",
        "fitzpatrick_scale": false,
        "category": "food_and_drink"
    },
    "bone": {
        "keywords": [
            "skeleton"
        ],
        "char": "🦴",
        "fitzpatrick_scale": false,
        "category": "food_and_drink"
    },
    "fried_shrimp": {
        "keywords": [
            "food",
            "animal",
            "appetizer",
            "summer"
        ],
        "char": "🍤",
        "fitzpatrick_scale": false,
        "category": "food_and_drink"
    },
    "fried_egg": {
        "keywords": [
            "food",
            "breakfast",
            "kitchen",
            "egg"
        ],
        "char": "🍳",
        "fitzpatrick_scale": false,
        "category": "food_and_drink"
    },
    "hamburger": {
        "keywords": [
            "meat",
            "fast food",
            "beef",
            "cheeseburger",
            "mcdonalds",
            "burger king"
        ],
        "char": "🍔",
        "fitzpatrick_scale": false,
        "category": "food_and_drink"
    },
    "fries": {
        "keywords": [
            "chips",
            "snack",
            "fast food"
        ],
        "char": "🍟",
        "fitzpatrick_scale": false,
        "category": "food_and_drink"
    },
    "stuffed_flatbread": {
        "keywords": [
            "food",
            "flatbread",
            "stuffed",
            "gyro"
        ],
        "char": "🥙",
        "fitzpatrick_scale": false,
        "category": "food_and_drink"
    },
    "hotdog": {
        "keywords": [
            "food",
            "frankfurter"
        ],
        "char": "🌭",
        "fitzpatrick_scale": false,
        "category": "food_and_drink"
    },
    "pizza": {
        "keywords": [
            "food",
            "party"
        ],
        "char": "🍕",
        "fitzpatrick_scale": false,
        "category": "food_and_drink"
    },
    "sandwich": {
        "keywords": [
            "food",
            "lunch",
            "bread"
        ],
        "char": "🥪",
        "fitzpatrick_scale": false,
        "category": "food_and_drink"
    },
    "canned_food": {
        "keywords": [
            "food",
            "soup"
        ],
        "char": "🥫",
        "fitzpatrick_scale": false,
        "category": "food_and_drink"
    },
    "spaghetti": {
        "keywords": [
            "food",
            "italian",
            "noodle"
        ],
        "char": "🍝",
        "fitzpatrick_scale": false,
        "category": "food_and_drink"
    },
    "taco": {
        "keywords": [
            "food",
            "mexican"
        ],
        "char": "🌮",
        "fitzpatrick_scale": false,
        "category": "food_and_drink"
    },
    "burrito": {
        "keywords": [
            "food",
            "mexican"
        ],
        "char": "🌯",
        "fitzpatrick_scale": false,
        "category": "food_and_drink"
    },
    "green_salad": {
        "keywords": [
            "food",
            "healthy",
            "lettuce"
        ],
        "char": "🥗",
        "fitzpatrick_scale": false,
        "category": "food_and_drink"
    },
    "shallow_pan_of_food": {
        "keywords": [
            "food",
            "cooking",
            "casserole",
            "paella"
        ],
        "char": "🥘",
        "fitzpatrick_scale": false,
        "category": "food_and_drink"
    },
    "ramen": {
        "keywords": [
            "food",
            "japanese",
            "noodle",
            "chopsticks"
        ],
        "char": "🍜",
        "fitzpatrick_scale": false,
        "category": "food_and_drink"
    },
    "stew": {
        "keywords": [
            "food",
            "meat",
            "soup"
        ],
        "char": "🍲",
        "fitzpatrick_scale": false,
        "category": "food_and_drink"
    },
    "fish_cake": {
        "keywords": [
            "food",
            "japan",
            "sea",
            "beach",
            "narutomaki",
            "pink",
            "swirl",
            "kamaboko",
            "surimi",
            "ramen"
        ],
        "char": "🍥",
        "fitzpatrick_scale": false,
        "category": "food_and_drink"
    },
    "fortune_cookie": {
        "keywords": [
            "food",
            "prophecy"
        ],
        "char": "🥠",
        "fitzpatrick_scale": false,
        "category": "food_and_drink"
    },
    "sushi": {
        "keywords": [
            "food",
            "fish",
            "japanese",
            "rice"
        ],
        "char": "🍣",
        "fitzpatrick_scale": false,
        "category": "food_and_drink"
    },
    "bento": {
        "keywords": [
            "food",
            "japanese",
            "box"
        ],
        "char": "🍱",
        "fitzpatrick_scale": false,
        "category": "food_and_drink"
    },
    "curry": {
        "keywords": [
            "food",
            "spicy",
            "hot",
            "indian"
        ],
        "char": "🍛",
        "fitzpatrick_scale": false,
        "category": "food_and_drink"
    },
    "rice_ball": {
        "keywords": [
            "food",
            "japanese"
        ],
        "char": "🍙",
        "fitzpatrick_scale": false,
        "category": "food_and_drink"
    },
    "rice": {
        "keywords": [
            "food",
            "china",
            "asian"
        ],
        "char": "🍚",
        "fitzpatrick_scale": false,
        "category": "food_and_drink"
    },
    "rice_cracker": {
        "keywords": [
            "food",
            "japanese"
        ],
        "char": "🍘",
        "fitzpatrick_scale": false,
        "category": "food_and_drink"
    },
    "oden": {
        "keywords": [
            "food",
            "japanese"
        ],
        "char": "🍢",
        "fitzpatrick_scale": false,
        "category": "food_and_drink"
    },
    "dango": {
        "keywords": [
            "food",
            "dessert",
            "sweet",
            "japanese",
            "barbecue",
            "meat"
        ],
        "char": "🍡",
        "fitzpatrick_scale": false,
        "category": "food_and_drink"
    },
    "shaved_ice": {
        "keywords": [
            "hot",
            "dessert",
            "summer"
        ],
        "char": "🍧",
        "fitzpatrick_scale": false,
        "category": "food_and_drink"
    },
    "ice_cream": {
        "keywords": [
            "food",
            "hot",
            "dessert"
        ],
        "char": "🍨",
        "fitzpatrick_scale": false,
        "category": "food_and_drink"
    },
    "icecream": {
        "keywords": [
            "food",
            "hot",
            "dessert",
            "summer"
        ],
        "char": "🍦",
        "fitzpatrick_scale": false,
        "category": "food_and_drink"
    },
    "pie": {
        "keywords": [
            "food",
            "dessert",
            "pastry"
        ],
        "char": "🥧",
        "fitzpatrick_scale": false,
        "category": "food_and_drink"
    },
    "cake": {
        "keywords": [
            "food",
            "dessert"
        ],
        "char": "🍰",
        "fitzpatrick_scale": false,
        "category": "food_and_drink"
    },
    "cupcake": {
        "keywords": [
            "food",
            "dessert",
            "bakery",
            "sweet"
        ],
        "char": "🧁",
        "fitzpatrick_scale": false,
        "category": "food_and_drink"
    },
    "moon_cake": {
        "keywords": [
            "food",
            "autumn"
        ],
        "char": "🥮",
        "fitzpatrick_scale": false,
        "category": "food_and_drink"
    },
    "birthday": {
        "keywords": [
            "food",
            "dessert",
            "cake"
        ],
        "char": "🎂",
        "fitzpatrick_scale": false,
        "category": "food_and_drink"
    },
    "custard": {
        "keywords": [
            "dessert",
            "food"
        ],
        "char": "🍮",
        "fitzpatrick_scale": false,
        "category": "food_and_drink"
    },
    "candy": {
        "keywords": [
            "snack",
            "dessert",
            "sweet",
            "lolly"
        ],
        "char": "🍬",
        "fitzpatrick_scale": false,
        "category": "food_and_drink"
    },
    "lollipop": {
        "keywords": [
            "food",
            "snack",
            "candy",
            "sweet"
        ],
        "char": "🍭",
        "fitzpatrick_scale": false,
        "category": "food_and_drink"
    },
    "chocolate_bar": {
        "keywords": [
            "food",
            "snack",
            "dessert",
            "sweet"
        ],
        "char": "🍫",
        "fitzpatrick_scale": false,
        "category": "food_and_drink"
    },
    "popcorn": {
        "keywords": [
            "food",
            "movie theater",
            "films",
            "snack"
        ],
        "char": "🍿",
        "fitzpatrick_scale": false,
        "category": "food_and_drink"
    },
    "dumpling": {
        "keywords": [
            "food",
            "empanada",
            "pierogi",
            "potsticker"
        ],
        "char": "🥟",
        "fitzpatrick_scale": false,
        "category": "food_and_drink"
    },
    "doughnut": {
        "keywords": [
            "food",
            "dessert",
            "snack",
            "sweet",
            "donut"
        ],
        "char": "🍩",
        "fitzpatrick_scale": false,
        "category": "food_and_drink"
    },
    "cookie": {
        "keywords": [
            "food",
            "snack",
            "oreo",
            "chocolate",
            "sweet",
            "dessert"
        ],
        "char": "🍪",
        "fitzpatrick_scale": false,
        "category": "food_and_drink"
    },
    "milk_glass": {
        "keywords": [
            "beverage",
            "drink",
            "cow"
        ],
        "char": "🥛",
        "fitzpatrick_scale": false,
        "category": "food_and_drink"
    },
    "beer": {
        "keywords": [
            "relax",
            "beverage",
            "drink",
            "drunk",
            "party",
            "pub",
            "summer",
            "alcohol",
            "booze"
        ],
        "char": "🍺",
        "fitzpatrick_scale": false,
        "category": "food_and_drink"
    },
    "beers": {
        "keywords": [
            "relax",
            "beverage",
            "drink",
            "drunk",
            "party",
            "pub",
            "summer",
            "alcohol",
            "booze"
        ],
        "char": "🍻",
        "fitzpatrick_scale": false,
        "category": "food_and_drink"
    },
    "clinking_glasses": {
        "keywords": [
            "beverage",
            "drink",
            "party",
            "alcohol",
            "celebrate",
            "cheers",
            "wine",
            "champagne",
            "toast"
        ],
        "char": "🥂",
        "fitzpatrick_scale": false,
        "category": "food_and_drink"
    },
    "wine_glass": {
        "keywords": [
            "drink",
            "beverage",
            "drunk",
            "alcohol",
            "booze"
        ],
        "char": "🍷",
        "fitzpatrick_scale": false,
        "category": "food_and_drink"
    },
    "tumbler_glass": {
        "keywords": [
            "drink",
            "beverage",
            "drunk",
            "alcohol",
            "liquor",
            "booze",
            "bourbon",
            "scotch",
            "whisky",
            "glass",
            "shot"
        ],
        "char": "🥃",
        "fitzpatrick_scale": false,
        "category": "food_and_drink"
    },
    "cocktail": {
        "keywords": [
            "drink",
            "drunk",
            "alcohol",
            "beverage",
            "booze",
            "mojito"
        ],
        "char": "🍸",
        "fitzpatrick_scale": false,
        "category": "food_and_drink"
    },
    "tropical_drink": {
        "keywords": [
            "beverage",
            "cocktail",
            "summer",
            "beach",
            "alcohol",
            "booze",
            "mojito"
        ],
        "char": "🍹",
        "fitzpatrick_scale": false,
        "category": "food_and_drink"
    },
    "champagne": {
        "keywords": [
            "drink",
            "wine",
            "bottle",
            "celebration"
        ],
        "char": "🍾",
        "fitzpatrick_scale": false,
        "category": "food_and_drink"
    },
    "sake": {
        "keywords": [
            "wine",
            "drink",
            "drunk",
            "beverage",
            "japanese",
            "alcohol",
            "booze"
        ],
        "char": "🍶",
        "fitzpatrick_scale": false,
        "category": "food_and_drink"
    },
    "tea": {
        "keywords": [
            "drink",
            "bowl",
            "breakfast",
            "green",
            "british"
        ],
        "char": "🍵",
        "fitzpatrick_scale": false,
        "category": "food_and_drink"
    },
    "cup_with_straw": {
        "keywords": [
            "drink",
            "soda"
        ],
        "char": "🥤",
        "fitzpatrick_scale": false,
        "category": "food_and_drink"
    },
    "coffee": {
        "keywords": [
            "beverage",
            "caffeine",
            "latte",
            "espresso"
        ],
        "char": "☕",
        "fitzpatrick_scale": false,
        "category": "food_and_drink"
    },
    "baby_bottle": {
        "keywords": [
            "food",
            "container",
            "milk"
        ],
        "char": "🍼",
        "fitzpatrick_scale": false,
        "category": "food_and_drink"
    },
    "salt": {
        "keywords": [
            "condiment",
            "shaker"
        ],
        "char": "🧂",
        "fitzpatrick_scale": false,
        "category": "food_and_drink"
    },
    "spoon": {
        "keywords": [
            "cutlery",
            "kitchen",
            "tableware"
        ],
        "char": "🥄",
        "fitzpatrick_scale": false,
        "category": "food_and_drink"
    },
    "fork_and_knife": {
        "keywords": [
            "cutlery",
            "kitchen"
        ],
        "char": "🍴",
        "fitzpatrick_scale": false,
        "category": "food_and_drink"
    },
    "plate_with_cutlery": {
        "keywords": [
            "food",
            "eat",
            "meal",
            "lunch",
            "dinner",
            "restaurant"
        ],
        "char": "🍽",
        "fitzpatrick_scale": false,
        "category": "food_and_drink"
    },
    "bowl_with_spoon": {
        "keywords": [
            "food",
            "breakfast",
            "cereal",
            "oatmeal",
            "porridge"
        ],
        "char": "🥣",
        "fitzpatrick_scale": false,
        "category": "food_and_drink"
    },
    "takeout_box": {
        "keywords": [
            "food",
            "leftovers"
        ],
        "char": "🥡",
        "fitzpatrick_scale": false,
        "category": "food_and_drink"
    },
    "chopsticks": {
        "keywords": [
            "food"
        ],
        "char": "🥢",
        "fitzpatrick_scale": false,
        "category": "food_and_drink"
    }
}