{
    "one_hundred": {
        "keywords": [
            "score",
            "perfect",
            "numbers",
            "century",
            "exam",
            "quiz",
            "test",
            "pass",
            "hundred"
        ],
        "char": "💯",
        "fitzpatrick_scale": false,
        "category": "symbols"
    },
    "one_two_three_four": {
        "keywords": [
            "numbers",
            "blue-square"
        ],
        "char": "🔢",
        "fitzpatrick_scale": false,
        "category": "symbols"
    },
    "heart": {
        "keywords": [
            "love",
            "like",
            "valentines"
        ],
        "char": "❤️",
        "fitzpatrick_scale": false,
        "category": "symbols"
    },
    "orange_heart": {
        "keywords": [
            "love",
            "like",
            "affection",
            "valentines"
        ],
        "char": "🧡",
        "fitzpatrick_scale": false,
        "category": "symbols"
    },
    "yellow_heart": {
        "keywords": [
            "love",
            "like",
            "affection",
            "valentines"
        ],
        "char": "💛",
        "fitzpatrick_scale": false,
        "category": "symbols"
    },
    "green_heart": {
        "keywords": [
            "love",
            "like",
            "affection",
            "valentines"
        ],
        "char": "💚",
        "fitzpatrick_scale": false,
        "category": "symbols"
    },
    "blue_heart": {
        "keywords": [
            "love",
            "like",
            "affection",
            "valentines"
        ],
        "char": "💙",
        "fitzpatrick_scale": false,
        "category": "symbols"
    },
    "purple_heart": {
        "keywords": [
            "love",
            "like",
            "affection",
            "valentines"
        ],
        "char": "💜",
        "fitzpatrick_scale": false,
        "category": "symbols"
    },
    "black_heart": {
        "keywords": [
            "evil"
        ],
        "char": "🖤",
        "fitzpatrick_scale": false,
        "category": "symbols"
    },
    "broken_heart": {
        "keywords": [
            "sad",
            "sorry",
            "break",
            "heart",
            "heartbreak"
        ],
        "char": "💔",
        "fitzpatrick_scale": false,
        "category": "symbols"
    },
    "heavy_heart_exclamation": {
        "keywords": [
            "decoration",
            "love"
        ],
        "char": "❣",
        "fitzpatrick_scale": false,
        "category": "symbols"
    },
    "two_hearts": {
        "keywords": [
            "love",
            "like",
            "affection",
            "valentines",
            "heart"
        ],
        "char": "💕",
        "fitzpatrick_scale": false,
        "category": "symbols"
    },
    "revolving_hearts": {
        "keywords": [
            "love",
            "like",
            "affection",
            "valentines"
        ],
        "char": "💞",
        "fitzpatrick_scale": false,
        "category": "symbols"
    },
    "heartbeat": {
        "keywords": [
            "love",
            "like",
            "affection",
            "valentines",
            "pink",
            "heart"
        ],
        "char": "💓",
        "fitzpatrick_scale": false,
        "category": "symbols"
    },
    "heartpulse": {
        "keywords": [
            "like",
            "love",
            "affection",
            "valentines",
            "pink"
        ],
        "char": "💗",
        "fitzpatrick_scale": false,
        "category": "symbols"
    },
    "sparkling_heart": {
        "keywords": [
            "love",
            "like",
            "affection",
            "valentines"
        ],
        "char": "💖",
        "fitzpatrick_scale": false,
        "category": "symbols"
    },
    "cupid": {
        "keywords": [
            "love",
            "like",
            "heart",
            "affection",
            "valentines"
        ],
        "char": "💘",
        "fitzpatrick_scale": false,
        "category": "symbols"
    },
    "gift_heart": {
        "keywords": [
            "love",
            "valentines"
        ],
        "char": "💝",
        "fitzpatrick_scale": false,
        "category": "symbols"
    },
    "heart_decoration": {
        "keywords": [
            "purple-square",
            "love",
            "like"
        ],
        "char": "💟",
        "fitzpatrick_scale": false,
        "category": "symbols"
    },
    "peace_symbol": {
        "keywords": [
            "hippie"
        ],
        "char": "☮",
        "fitzpatrick_scale": false,
        "category": "symbols"
    },
    "latin_cross": {
        "keywords": [
            "christianity"
        ],
        "char": "✝",
        "fitzpatrick_scale": false,
        "category": "symbols"
    },
    "star_and_crescent": {
        "keywords": [
            "islam"
        ],
        "char": "☪",
        "fitzpatrick_scale": false,
        "category": "symbols"
    },
    "om": {
        "keywords": [
            "hinduism",
            "buddhism",
            "sikhism",
            "jainism"
        ],
        "char": "🕉",
        "fitzpatrick_scale": false,
        "category": "symbols"
    },
    "wheel_of_dharma": {
        "keywords": [
            "hinduism",
            "buddhism",
            "sikhism",
            "jainism"
        ],
        "char": "☸",
        "fitzpatrick_scale": false,
        "category": "symbols"
    },
    "star_of_david": {
        "keywords": [
            "judaism"
        ],
        "char": "✡",
        "fitzpatrick_scale": false,
        "category": "symbols"
    },
    "six_pointed_star": {
        "keywords": [
            "purple-square",
            "religion",
            "jewish",
            "hexagram"
        ],
        "char": "🔯",
        "fitzpatrick_scale": false,
        "category": "symbols"
    },
    "menorah": {
        "keywords": [
            "hanukkah",
            "candles",
            "jewish"
        ],
        "char": "🕎",
        "fitzpatrick_scale": false,
        "category": "symbols"
    },
    "yin_yang": {
        "keywords": [
            "balance"
        ],
        "char": "☯",
        "fitzpatrick_scale": false,
        "category": "symbols"
    },
    "orthodox_cross": {
        "keywords": [
            "suppedaneum",
            "religion"
        ],
        "char": "☦",
        "fitzpatrick_scale": false,
        "category": "symbols"
    },
    "place_of_worship": {
        "keywords": [
            "religion",
            "church",
            "temple",
            "prayer"
        ],
        "char": "🛐",
        "fitzpatrick_scale": false,
        "category": "symbols"
    },
    "ophiuchus": {
        "keywords": [
            "sign",
            "purple-square",
            "constellation",
            "astrology"
        ],
        "char": "⛎",
        "fitzpatrick_scale": false,
        "category": "symbols"
    },
    "aries": {
        "keywords": [
            "sign",
            "purple-square",
            "zodiac",
            "astrology"
        ],
        "char": "♈",
        "fitzpatrick_scale": false,
        "category": "symbols"
    },
    "taurus": {
        "keywords": [
            "purple-square",
            "sign",
            "zodiac",
            "astrology"
        ],
        "char": "♉",
        "fitzpatrick_scale": false,
        "category": "symbols"
    },
    "gemini": {
        "keywords": [
            "sign",
            "zodiac",
            "purple-square",
            "astrology"
        ],
        "char": "♊",
        "fitzpatrick_scale": false,
        "category": "symbols"
    },
    "cancer": {
        "keywords": [
            "sign",
            "zodiac",
            "purple-square",
            "astrology"
        ],
        "char": "♋",
        "fitzpatrick_scale": false,
        "category": "symbols"
    },
    "leo": {
        "keywords": [
            "sign",
            "purple-square",
            "zodiac",
            "astrology"
        ],
        "char": "♌",
        "fitzpatrick_scale": false,
        "category": "symbols"
    },
    "virgo": {
        "keywords": [
            "sign",
            "zodiac",
            "purple-square",
            "astrology"
        ],
        "char": "♍",
        "fitzpatrick_scale": false,
        "category": "symbols"
    },
    "libra": {
        "keywords": [
            "sign",
            "purple-square",
            "zodiac",
            "astrology"
        ],
        "char": "♎",
        "fitzpatrick_scale": false,
        "category": "symbols"
    },
    "scorpius": {
        "keywords": [
            "sign",
            "zodiac",
            "purple-square",
            "astrology",
            "scorpio"
        ],
        "char": "♏",
        "fitzpatrick_scale": false,
        "category": "symbols"
    },
    "sagittarius": {
        "keywords": [
            "sign",
            "zodiac",
            "purple-square",
            "astrology"
        ],
        "char": "♐",
        "fitzpatrick_scale": false,
        "category": "symbols"
    },
    "capricorn": {
        "keywords": [
            "sign",
            "zodiac",
            "purple-square",
            "astrology"
        ],
        "char": "♑",
        "fitzpatrick_scale": false,
        "category": "symbols"
    },
    "aquarius": {
        "keywords": [
            "sign",
            "purple-square",
            "zodiac",
            "astrology"
        ],
        "char": "♒",
        "fitzpatrick_scale": false,
        "category": "symbols"
    },
    "pisces": {
        "keywords": [
            "purple-square",
            "sign",
            "zodiac",
            "astrology"
        ],
        "char": "♓",
        "fitzpatrick_scale": false,
        "category": "symbols"
    },
    "id": {
        "keywords": [
            "purple-square",
            "words"
        ],
        "char": "🆔",
        "fitzpatrick_scale": false,
        "category": "symbols"
    },
    "atom_symbol": {
        "keywords": [
            "science",
            "physics",
            "chemistry"
        ],
        "char": "⚛",
        "fitzpatrick_scale": false,
        "category": "symbols"
    },
    "u7a7a": {
        "keywords": [
            "kanji",
            "japanese",
            "chinese",
            "empty",
            "sky",
            "blue-square"
        ],
        "char": "🈳",
        "fitzpatrick_scale": false,
        "category": "symbols"
    },
    "u5272": {
        "keywords": [
            "cut",
            "divide",
            "chinese",
            "kanji",
            "pink-square"
        ],
        "char": "🈹",
        "fitzpatrick_scale": false,
        "category": "symbols"
    },
    "radioactive": {
        "keywords": [
            "nuclear",
            "danger"
        ],
        "char": "☢",
        "fitzpatrick_scale": false,
        "category": "symbols"
    },
    "biohazard": {
        "keywords": [
            "danger"
        ],
        "char": "☣",
        "fitzpatrick_scale": false,
        "category": "symbols"
    },
    "mobile_phone_off": {
        "keywords": [
            "mute",
            "orange-square",
            "silence",
            "quiet"
        ],
        "char": "📴",
        "fitzpatrick_scale": false,
        "category": "symbols"
    },
    "vibration_mode": {
        "keywords": [
            "orange-square",
            "phone"
        ],
        "char": "📳",
        "fitzpatrick_scale": false,
        "category": "symbols"
    },
    "u6709": {
        "keywords": [
            "orange-square",
            "chinese",
            "have",
            "kanji"
        ],
        "char": "🈶",
        "fitzpatrick_scale": false,
        "category": "symbols"
    },
    "u7121": {
        "keywords": [
            "nothing",
            "chinese",
            "kanji",
            "japanese",
            "orange-square"
        ],
        "char": "🈚",
        "fitzpatrick_scale": false,
        "category": "symbols"
    },
    "u7533": {
        "keywords": [
            "chinese",
            "japanese",
            "kanji",
            "orange-square"
        ],
        "char": "🈸",
        "fitzpatrick_scale": false,
        "category": "symbols"
    },
    "u55b6": {
        "keywords": [
            "japanese",
            "opening hours",
            "orange-square"
        ],
        "char": "🈺",
        "fitzpatrick_scale": false,
        "category": "symbols"
    },
    "u6708": {
        "keywords": [
            "chinese",
            "month",
            "moon",
            "japanese",
            "orange-square",
            "kanji"
        ],
        "char": "🈷️",
        "fitzpatrick_scale": false,
        "category": "symbols"
    },
    "eight_pointed_black_star": {
        "keywords": [
            "orange-square",
            "shape",
            "polygon"
        ],
        "char": "✴️",
        "fitzpatrick_scale": false,
        "category": "symbols"
    },
    "vs": {
        "keywords": [
            "words",
            "orange-square"
        ],
        "char": "🆚",
        "fitzpatrick_scale": false,
        "category": "symbols"
    },
    "accept": {
        "keywords": [
            "ok",
            "good",
            "chinese",
            "kanji",
            "agree",
            "yes",
            "orange-circle"
        ],
        "char": "🉑",
        "fitzpatrick_scale": false,
        "category": "symbols"
    },
    "white_flower": {
        "keywords": [
            "japanese",
            "spring"
        ],
        "char": "💮",
        "fitzpatrick_scale": false,
        "category": "symbols"
    },
    "ideograph_advantage": {
        "keywords": [
            "chinese",
            "kanji",
            "obtain",
            "get",
            "circle"
        ],
        "char": "🉐",
        "fitzpatrick_scale": false,
        "category": "symbols"
    },
    "secret": {
        "keywords": [
            "privacy",
            "chinese",
            "sshh",
            "kanji",
            "red-circle"
        ],
        "char": "㊙️",
        "fitzpatrick_scale": false,
        "category": "symbols"
    },
    "congratulations": {
        "keywords": [
            "chinese",
            "kanji",
            "japanese",
            "red-circle"
        ],
        "char": "㊗️",
        "fitzpatrick_scale": false,
        "category": "symbols"
    },
    "u5408": {
        "keywords": [
            "japanese",
            "chinese",
            "join",
            "kanji",
            "red-square"
        ],
        "char": "🈴",
        "fitzpatrick_scale": false,
        "category": "symbols"
    },
    "u6e80": {
        "keywords": [
            "full",
            "chinese",
            "japanese",
            "red-square",
            "kanji"
        ],
        "char": "🈵",
        "fitzpatrick_scale": false,
        "category": "symbols"
    },
    "u7981": {
        "keywords": [
            "kanji",
            "japanese",
            "chinese",
            "forbidden",
            "limit",
            "restricted",
            "red-square"
        ],
        "char": "🈲",
        "fitzpatrick_scale": false,
        "category": "symbols"
    },
    "a": {
        "keywords": [
            "red-square",
            "alphabet",
            "letter"
        ],
        "char": "🅰️",
        "fitzpatrick_scale": false,
        "category": "symbols"
    },
    "b": {
        "keywords": [
            "red-square",
            "alphabet",
            "letter"
        ],
        "char": "🅱️",
        "fitzpatrick_scale": false,
        "category": "symbols"
    },
    "ab": {
        "keywords": [
            "red-square",
            "alphabet"
        ],
        "char": "🆎",
        "fitzpatrick_scale": false,
        "category": "symbols"
    },
    "cl": {
        "keywords": [
            "alphabet",
            "words",
            "red-square"
        ],
        "char": "🆑",
        "fitzpatrick_scale": false,
        "category": "symbols"
    },
    "o2": {
        "keywords": [
            "alphabet",
            "red-square",
            "letter"
        ],
        "char": "🅾️",
        "fitzpatrick_scale": false,
        "category": "symbols"
    },
    "sos": {
        "keywords": [
            "help",
            "red-square",
            "words",
            "emergency",
            "911"
        ],
        "char": "🆘",
        "fitzpatrick_scale": false,
        "category": "symbols"
    },
    "no_entry": {
        "keywords": [
            "limit",
            "security",
            "privacy",
            "bad",
            "denied",
            "stop",
            "circle"
        ],
        "char": "⛔",
        "fitzpatrick_scale": false,
        "category": "symbols"
    },
    "name_badge": {
        "keywords": [
            "fire",
            "forbid"
        ],
        "char": "📛",
        "fitzpatrick_scale": false,
        "category": "symbols"
    },
    "no_entry_sign": {
        "keywords": [
            "forbid",
            "stop",
            "limit",
            "denied",
            "disallow",
            "circle"
        ],
        "char": "🚫",
        "fitzpatrick_scale": false,
        "category": "symbols"
    },
    "x": {
        "keywords": [
            "no",
            "delete",
            "remove",
            "cancel",
            "red"
        ],
        "char": "❌",
        "fitzpatrick_scale": false,
        "category": "symbols"
    },
    "o": {
        "keywords": [
            "circle",
            "round"
        ],
        "char": "⭕",
        "fitzpatrick_scale": false,
        "category": "symbols"
    },
    "stop_sign": {
        "keywords": [
            "stop"
        ],
        "char": "🛑",
        "fitzpatrick_scale": false,
        "category": "symbols"
    },
    "anger": {
        "keywords": [
            "angry",
            "mad"
        ],
        "char": "💢",
        "fitzpatrick_scale": false,
        "category": "symbols"
    },
    "hotsprings": {
        "keywords": [
            "bath",
            "warm",
            "relax"
        ],
        "char": "♨️",
        "fitzpatrick_scale": false,
        "category": "symbols"
    },
    "no_pedestrians": {
        "keywords": [
            "rules",
            "crossing",
            "walking",
            "circle"
        ],
        "char": "🚷",
        "fitzpatrick_scale": false,
        "category": "symbols"
    },
    "do_not_litter": {
        "keywords": [
            "trash",
            "bin",
            "garbage",
            "circle"
        ],
        "char": "🚯",
        "fitzpatrick_scale": false,
        "category": "symbols"
    },
    "no_bicycles": {
        "keywords": [
            "cyclist",
            "prohibited",
            "circle"
        ],
        "char": "🚳",
        "fitzpatrick_scale": false,
        "category": "symbols"
    },
    "non_potable_water": {
        "keywords": [
            "drink",
            "faucet",
            "tap",
            "circle"
        ],
        "char": "🚱",
        "fitzpatrick_scale": false,
        "category": "symbols"
    },
    "underage": {
        "keywords": [
            "18",
            "drink",
            "pub",
            "night",
            "minor",
            "circle"
        ],
        "char": "🔞",
        "fitzpatrick_scale": false,
        "category": "symbols"
    },
    "no_mobile_phones": {
        "keywords": [
            "iphone",
            "mute",
            "circle"
        ],
        "char": "📵",
        "fitzpatrick_scale": false,
        "category": "symbols"
    },
    "exclamation": {
        "keywords": [
            "heavy_exclamation_mark",
            "danger",
            "surprise",
            "punctuation",
            "wow",
            "warning"
        ],
        "char": "❗",
        "fitzpatrick_scale": false,
        "category": "symbols"
    },
    "grey_exclamation": {
        "keywords": [
            "surprise",
            "punctuation",
            "gray",
            "wow",
            "warning"
        ],
        "char": "❕",
        "fitzpatrick_scale": false,
        "category": "symbols"
    },
    "question": {
        "keywords": [
            "doubt",
            "confused"
        ],
        "char": "❓",
        "fitzpatrick_scale": false,
        "category": "symbols"
    },
    "grey_question": {
        "keywords": [
            "doubts",
            "gray",
            "huh",
            "confused"
        ],
        "char": "❔",
        "fitzpatrick_scale": false,
        "category": "symbols"
    },
    "bangbang": {
        "keywords": [
            "exclamation",
            "surprise"
        ],
        "char": "‼️",
        "fitzpatrick_scale": false,
        "category": "symbols"
    },
    "interrobang": {
        "keywords": [
            "wat",
            "punctuation",
            "surprise"
        ],
        "char": "⁉️",
        "fitzpatrick_scale": false,
        "category": "symbols"
    },
    "low_brightness": {
        "keywords": [
            "sun",
            "afternoon",
            "warm",
            "summer"
        ],
        "char": "🔅",
        "fitzpatrick_scale": false,
        "category": "symbols"
    },
    "high_brightness": {
        "keywords": [
            "sun",
            "light"
        ],
        "char": "🔆",
        "fitzpatrick_scale": false,
        "category": "symbols"
    },
    "trident": {
        "keywords": [
            "weapon",
            "spear"
        ],
        "char": "🔱",
        "fitzpatrick_scale": false,
        "category": "symbols"
    },
    "fleur_de_lis": {
        "keywords": [
            "decorative",
            "scout"
        ],
        "char": "⚜",
        "fitzpatrick_scale": false,
        "category": "symbols"
    },
    "part_alternation_mark": {
        "keywords": [
            "graph",
            "presentation",
            "stats",
            "business",
            "economics",
            "bad"
        ],
        "char": "〽️",
        "fitzpatrick_scale": false,
        "category": "symbols"
    },
    "warning": {
        "keywords": [
            "exclamation",
            "wip",
            "alert",
            "error",
            "problem",
            "issue"
        ],
        "char": "⚠️",
        "fitzpatrick_scale": false,
        "category": "symbols"
    },
    "children_crossing": {
        "keywords": [
            "school",
            "warning",
            "danger",
            "sign",
            "driving",
            "yellow-diamond"
        ],
        "char": "🚸",
        "fitzpatrick_scale": false,
        "category": "symbols"
    },
    "beginner": {
        "keywords": [
            "badge",
            "shield"
        ],
        "char": "🔰",
        "fitzpatrick_scale": false,
        "category": "symbols"
    },
    "recycle": {
        "keywords": [
            "arrow",
            "environment",
            "garbage",
            "trash"
        ],
        "char": "♻️",
        "fitzpatrick_scale": false,
        "category": "symbols"
    },
    "u6307": {
        "keywords": [
            "chinese",
            "point",
            "green-square",
            "kanji"
        ],
        "char": "🈯",
        "fitzpatrick_scale": false,
        "category": "symbols"
    },
    "chart": {
        "keywords": [
            "green-square",
            "graph",
            "presentation",
            "stats"
        ],
        "char": "💹",
        "fitzpatrick_scale": false,
        "category": "symbols"
    },
    "sparkle": {
        "keywords": [
            "stars",
            "green-square",
            "awesome",
            "good",
            "fireworks"
        ],
        "char": "❇️",
        "fitzpatrick_scale": false,
        "category": "symbols"
    },
    "eight_spoked_asterisk": {
        "keywords": [
            "star",
            "sparkle",
            "green-square"
        ],
        "char": "✳️",
        "fitzpatrick_scale": false,
        "category": "symbols"
    },
    "negative_squared_cross_mark": {
        "keywords": [
            "x",
            "green-square",
            "no",
            "deny"
        ],
        "char": "❎",
        "fitzpatrick_scale": false,
        "category": "symbols"
    },
    "white_check_mark": {
        "keywords": [
            "green-square",
            "ok",
            "agree",
            "vote",
            "election",
            "answer",
            "tick"
        ],
        "char": "✅",
        "fitzpatrick_scale": false,
        "category": "symbols"
    },
    "diamond_shape_with_a_dot_inside": {
        "keywords": [
            "jewel",
            "blue",
            "gem",
            "crystal",
            "fancy"
        ],
        "char": "💠",
        "fitzpatrick_scale": false,
        "category": "symbols"
    },
    "cyclone": {
        "keywords": [
            "weather",
            "swirl",
            "blue",
            "cloud",
            "vortex",
            "spiral",
            "whirlpool",
            "spin",
            "tornado",
            "hurricane",
            "typhoon"
        ],
        "char": "🌀",
        "fitzpatrick_scale": false,
        "category": "symbols"
    },
    "loop": {
        "keywords": [
            "tape",
            "cassette"
        ],
        "char": "➿",
        "fitzpatrick_scale": false,
        "category": "symbols"
    },
    "globe_with_meridians": {
        "keywords": [
            "earth",
            "international",
            "world",
            "internet",
            "interweb",
            "i18n"
        ],
        "char": "🌐",
        "fitzpatrick_scale": false,
        "category": "symbols"
    },
    "m": {
        "keywords": [
            "alphabet",
            "blue-circle",
            "letter"
        ],
        "char": "Ⓜ️",
        "fitzpatrick_scale": false,
        "category": "symbols"
    },
    "atm": {
        "keywords": [
            "money",
            "sales",
            "cash",
            "blue-square",
            "payment",
            "bank"
        ],
        "char": "🏧",
        "fitzpatrick_scale": false,
        "category": "symbols"
    },
    "sa": {
        "keywords": [
            "japanese",
            "blue-square",
            "katakana"
        ],
        "char": "🈂️",
        "fitzpatrick_scale": false,
        "category": "symbols"
    },
    "passport_control": {
        "keywords": [
            "custom",
            "blue-square"
        ],
        "char": "🛂",
        "fitzpatrick_scale": false,
        "category": "symbols"
    },
    "customs": {
        "keywords": [
            "passport",
            "border",
            "blue-square"
        ],
        "char": "🛃",
        "fitzpatrick_scale": false,
        "category": "symbols"
    },
    "baggage_claim": {
        "keywords": [
            "blue-square",
            "airport",
            "transport"
        ],
        "char": "🛄",
        "fitzpatrick_scale": false,
        "category": "symbols"
    },
    "left_luggage": {
        "keywords": [
            "blue-square",
            "travel"
        ],
        "char": "🛅",
        "fitzpatrick_scale": false,
        "category": "symbols"
    },
    "wheelchair": {
        "keywords": [
            "blue-square",
            "disabled",
            "a11y",
            "accessibility"
        ],
        "char": "♿",
        "fitzpatrick_scale": false,
        "category": "symbols"
    },
    "no_smoking": {
        "keywords": [
            "cigarette",
            "blue-square",
            "smell",
            "smoke"
        ],
        "char": "🚭",
        "fitzpatrick_scale": false,
        "category": "symbols"
    },
    "wc": {
        "keywords": [
            "toilet",
            "restroom",
            "blue-square"
        ],
        "char": "🚾",
        "fitzpatrick_scale": false,
        "category": "symbols"
    },
    "parking": {
        "keywords": [
            "cars",
            "blue-square",
            "alphabet",
            "letter"
        ],
        "char": "🅿️",
        "fitzpatrick_scale": false,
        "category": "symbols"
    },
    "potable_water": {
        "keywords": [
            "blue-square",
            "liquid",
            "restroom",
            "cleaning",
            "faucet"
        ],
        "char": "🚰",
        "fitzpatrick_scale": false,
        "category": "symbols"
    },
    "mens": {
        "keywords": [
            "toilet",
            "restroom",
            "wc",
            "blue-square",
            "gender",
            "male"
        ],
        "char": "🚹",
        "fitzpatrick_scale": false,
        "category": "symbols"
    },
    "womens": {
        "keywords": [
            "purple-square",
            "woman",
            "female",
            "toilet",
            "loo",
            "restroom",
            "gender"
        ],
        "char": "🚺",
        "fitzpatrick_scale": false,
        "category": "symbols"
    },
    "baby_symbol": {
        "keywords": [
            "orange-square",
            "child"
        ],
        "char": "🚼",
        "fitzpatrick_scale": false,
        "category": "symbols"
    },
    "restroom": {
        "keywords": [
            "blue-square",
            "toilet",
            "refresh",
            "wc",
            "gender"
        ],
        "char": "🚻",
        "fitzpatrick_scale": false,
        "category": "symbols"
    },
    "put_litter_in_its_place": {
        "keywords": [
            "blue-square",
            "sign",
            "human",
            "info"
        ],
        "char": "🚮",
        "fitzpatrick_scale": false,
        "category": "symbols"
    },
    "cinema": {
        "keywords": [
            "blue-square",
            "record",
            "film",
            "movie",
            "curtain",
            "stage",
            "theater"
        ],
        "char": "🎦",
        "fitzpatrick_scale": false,
        "category": "symbols"
    },
    "signal_strength": {
        "keywords": [
            "blue-square",
            "reception",
            "phone",
            "internet",
            "connection",
            "wifi",
            "bluetooth",
            "bars"
        ],
        "char": "📶",
        "fitzpatrick_scale": false,
        "category": "symbols"
    },
    "koko": {
        "keywords": [
            "blue-square",
            "here",
            "katakana",
            "japanese",
            "destination"
        ],
        "char": "🈁",
        "fitzpatrick_scale": false,
        "category": "symbols"
    },
    "ng": {
        "keywords": [
            "blue-square",
            "words",
            "shape",
            "icon"
        ],
        "char": "🆖",
        "fitzpatrick_scale": false,
        "category": "symbols"
    },
    "ok": {
        "keywords": [
            "good",
            "agree",
            "yes",
            "blue-square"
        ],
        "char": "🆗",
        "fitzpatrick_scale": false,
        "category": "symbols"
    },
    "up": {
        "keywords": [
            "blue-square",
            "above",
            "high"
        ],
        "char": "🆙",
        "fitzpatrick_scale": false,
        "category": "symbols"
    },
    "cool": {
        "keywords": [
            "words",
            "blue-square"
        ],
        "char": "🆒",
        "fitzpatrick_scale": false,
        "category": "symbols"
    },
    "new_moji": {
        "keywords": [
            "blue-square",
            "words",
            "start"
        ],
        "char": "🆕",
        "fitzpatrick_scale": false,
        "category": "symbols"
    },
    "free": {
        "keywords": [
            "blue-square",
            "words"
        ],
        "char": "🆓",
        "fitzpatrick_scale": false,
        "category": "symbols"
    },
    "zero": {
        "keywords": [
            "0",
            "numbers",
            "blue-square",
            "null"
        ],
        "char": "0️⃣",
        "fitzpatrick_scale": false,
        "category": "symbols"
    },
    "one": {
        "keywords": [
            "blue-square",
            "numbers",
            "1"
        ],
        "char": "1️⃣",
        "fitzpatrick_scale": false,
        "category": "symbols"
    },
    "two": {
        "keywords": [
            "numbers",
            "2",
            "prime",
            "blue-square"
        ],
        "char": "2️⃣",
        "fitzpatrick_scale": false,
        "category": "symbols"
    },
    "three": {
        "keywords": [
            "3",
            "numbers",
            "prime",
            "blue-square"
        ],
        "char": "3️⃣",
        "fitzpatrick_scale": false,
        "category": "symbols"
    },
    "four": {
        "keywords": [
            "4",
            "numbers",
            "blue-square"
        ],
        "char": "4️⃣",
        "fitzpatrick_scale": false,
        "category": "symbols"
    },
    "five": {
        "keywords": [
            "5",
            "numbers",
            "blue-square",
            "prime"
        ],
        "char": "5️⃣",
        "fitzpatrick_scale": false,
        "category": "symbols"
    },
    "six": {
        "keywords": [
            "6",
            "numbers",
            "blue-square"
        ],
        "char": "6️⃣",
        "fitzpatrick_scale": false,
        "category": "symbols"
    },
    "seven": {
        "keywords": [
            "7",
            "numbers",
            "blue-square",
            "prime"
        ],
        "char": "7️⃣",
        "fitzpatrick_scale": false,
        "category": "symbols"
    },
    "eight": {
        "keywords": [
            "8",
            "blue-square",
            "numbers"
        ],
        "char": "8️⃣",
        "fitzpatrick_scale": false,
        "category": "symbols"
    },
    "nine": {
        "keywords": [
            "blue-square",
            "numbers",
            "9"
        ],
        "char": "9️⃣",
        "fitzpatrick_scale": false,
        "category": "symbols"
    },
    "keycap_ten": {
        "keywords": [
            "numbers",
            "10",
            "blue-square"
        ],
        "char": "🔟",
        "fitzpatrick_scale": false,
        "category": "symbols"
    },
    "asterisk": {
        "keywords": [
            "star",
            "keycap"
        ],
        "char": "*⃣",
        "fitzpatrick_scale": false,
        "category": "symbols"
    },
    "eject_button": {
        "keywords": [
            "blue-square"
        ],
        "char": "⏏️",
        "fitzpatrick_scale": false,
        "category": "symbols"
    },
    "arrow_forward": {
        "keywords": [
            "blue-square",
            "right",
            "direction",
            "play"
        ],
        "char": "▶️",
        "fitzpatrick_scale": false,
        "category": "symbols"
    },
    "pause_button": {
        "keywords": [
            "pause",
            "blue-square"
        ],
        "char": "⏸",
        "fitzpatrick_scale": false,
        "category": "symbols"
    },
    "next_track_button": {
        "keywords": [
            "forward",
            "next",
            "blue-square"
        ],
        "char": "⏭",
        "fitzpatrick_scale": false,
        "category": "symbols"
    },
    "stop_button": {
        "keywords": [
            "blue-square"
        ],
        "char": "⏹",
        "fitzpatrick_scale": false,
        "category": "symbols"
    },
    "record_button": {
        "keywords": [
            "blue-square"
        ],
        "char": "⏺",
        "fitzpatrick_scale": false,
        "category": "symbols"
    },
    "play_or_pause_button": {
        "keywords": [
            "blue-square",
            "play",
            "pause"
        ],
        "char": "⏯",
        "fitzpatrick_scale": false,
        "category": "symbols"
    },
    "previous_track_button": {
        "keywords": [
            "backward"
        ],
        "char": "⏮",
        "fitzpatrick_scale": false,
        "category": "symbols"
    },
    "fast_forward": {
        "keywords": [
            "blue-square",
            "play",
            "speed",
            "continue"
        ],
        "char": "⏩",
        "fitzpatrick_scale": false,
        "category": "symbols"
    },
    "rewind": {
        "keywords": [
            "play",
            "blue-square"
        ],
        "char": "⏪",
        "fitzpatrick_scale": false,
        "category": "symbols"
    },
    "twisted_rightwards_arrows": {
        "keywords": [
            "blue-square",
            "shuffle",
            "music",
            "random"
        ],
        "char": "🔀",
        "fitzpatrick_scale": false,
        "category": "symbols"
    },
    "repeat": {
        "keywords": [
            "loop",
            "record"
        ],
        "char": "🔁",
        "fitzpatrick_scale": false,
        "category": "symbols"
    },
    "repeat_one": {
        "keywords": [
            "blue-square",
            "loop"
        ],
        "char": "🔂",
        "fitzpatrick_scale": false,
        "category": "symbols"
    },
    "arrow_backward": {
        "keywords": [
            "blue-square",
            "left",
            "direction"
        ],
        "char": "◀️",
        "fitzpatrick_scale": false,
        "category": "symbols"
    },
    "arrow_up_small": {
        "keywords": [
            "blue-square",
            "triangle",
            "direction",
            "point",
            "forward",
            "top"
        ],
        "char": "🔼",
        "fitzpatrick_scale": false,
        "category": "symbols"
    },
    "arrow_down_small": {
        "keywords": [
            "blue-square",
            "direction",
            "bottom"
        ],
        "char": "🔽",
        "fitzpatrick_scale": false,
        "category": "symbols"
    },
    "arrow_double_up": {
        "keywords": [
            "blue-square",
            "direction",
            "top"
        ],
        "char": "⏫",
        "fitzpatrick_scale": false,
        "category": "symbols"
    },
    "arrow_double_down": {
        "keywords": [
            "blue-square",
            "direction",
            "bottom"
        ],
        "char": "⏬",
        "fitzpatrick_scale": false,
        "category": "symbols"
    },
    "arrow_right": {
        "keywords": [
            "blue-square",
            "next"
        ],
        "char": "➡️",
        "fitzpatrick_scale": false,
        "category": "symbols"
    },
    "arrow_left": {
        "keywords": [
            "blue-square",
            "previous",
            "back"
        ],
        "char": "⬅️",
        "fitzpatrick_scale": false,
        "category": "symbols"
    },
    "arrow_up": {
        "keywords": [
            "blue-square",
            "continue",
            "top",
            "direction"
        ],
        "char": "⬆️",
        "fitzpatrick_scale": false,
        "category": "symbols"
    },
    "arrow_down": {
        "keywords": [
            "blue-square",
            "direction",
            "bottom"
        ],
        "char": "⬇️",
        "fitzpatrick_scale": false,
        "category": "symbols"
    },
    "arrow_upper_right": {
        "keywords": [
            "blue-square",
            "point",
            "direction",
            "diagonal",
            "northeast"
        ],
        "char": "↗️",
        "fitzpatrick_scale": false,
        "category": "symbols"
    },
    "arrow_lower_right": {
        "keywords": [
            "blue-square",
            "direction",
            "diagonal",
            "southeast"
        ],
        "char": "↘️",
        "fitzpatrick_scale": false,
        "category": "symbols"
    },
    "arrow_lower_left": {
        "keywords": [
            "blue-square",
            "direction",
            "diagonal",
            "southwest"
        ],
        "char": "↙️",
        "fitzpatrick_scale": false,
        "category": "symbols"
    },
    "arrow_upper_left": {
        "keywords": [
            "blue-square",
            "point",
            "direction",
            "diagonal",
            "northwest"
        ],
        "char": "↖️",
        "fitzpatrick_scale": false,
        "category": "symbols"
    },
    "arrow_up_down": {
        "keywords": [
            "blue-square",
            "direction",
            "way",
            "vertical"
        ],
        "char": "↕️",
        "fitzpatrick_scale": false,
        "category": "symbols"
    },
    "left_right_arrow": {
        "keywords": [
            "shape",
            "direction",
            "horizontal",
            "sideways"
        ],
        "char": "↔️",
        "fitzpatrick_scale": false,
        "category": "symbols"
    },
    "arrows_counterclockwise": {
        "keywords": [
            "blue-square",
            "sync",
            "cycle"
        ],
        "char": "🔄",
        "fitzpatrick_scale": false,
        "category": "symbols"
    },
    "arrow_right_hook": {
        "keywords": [
            "blue-square",
            "return",
            "rotate",
            "direction"
        ],
        "char": "↪️",
        "fitzpatrick_scale": false,
        "category": "symbols"
    },
    "leftwards_arrow_with_hook": {
        "keywords": [
            "back",
            "return",
            "blue-square",
            "undo",
            "enter"
        ],
        "char": "↩️",
        "fitzpatrick_scale": false,
        "category": "symbols"
    },
    "arrow_heading_up": {
        "keywords": [
            "blue-square",
            "direction",
            "top"
        ],
        "char": "⤴️",
        "fitzpatrick_scale": false,
        "category": "symbols"
    },
    "arrow_heading_down": {
        "keywords": [
            "blue-square",
            "direction",
            "bottom"
        ],
        "char": "⤵️",
        "fitzpatrick_scale": false,
        "category": "symbols"
    },
    "hash": {
        "keywords": [
            "symbol",
            "blue-square",
            "twitter"
        ],
        "char": "#️⃣",
        "fitzpatrick_scale": false,
        "category": "symbols"
    },
    "information_source": {
        "keywords": [
            "blue-square",
            "alphabet",
            "letter"
        ],
        "char": "ℹ️",
        "fitzpatrick_scale": false,
        "category": "symbols"
    },
    "abc": {
        "keywords": [
            "blue-square",
            "alphabet"
        ],
        "char": "🔤",
        "fitzpatrick_scale": false,
        "category": "symbols"
    },
    "abcd": {
        "keywords": [
            "blue-square",
            "alphabet"
        ],
        "char": "🔡",
        "fitzpatrick_scale": false,
        "category": "symbols"
    },
    "capital_abcd": {
        "keywords": [
            "alphabet",
            "words",
            "blue-square"
        ],
        "char": "🔠",
        "fitzpatrick_scale": false,
        "category": "symbols"
    },
    "symbols": {
        "keywords": [
            "blue-square",
            "music",
            "note",
            "ampersand",
            "percent",
            "glyphs",
            "characters"
        ],
        "char": "🔣",
        "fitzpatrick_scale": false,
        "category": "symbols"
    },
    "musical_note": {
        "keywords": [
            "score",
            "tone",
            "sound"
        ],
        "char": "🎵",
        "fitzpatrick_scale": false,
        "category": "symbols"
    },
    "notes": {
        "keywords": [
            "music",
            "score"
        ],
        "char": "🎶",
        "fitzpatrick_scale": false,
        "category": "symbols"
    },
    "wavy_dash": {
        "keywords": [
            "draw",
            "line",
            "moustache",
            "mustache",
            "squiggle",
            "scribble"
        ],
        "char": "〰️",
        "fitzpatrick_scale": false,
        "category": "symbols"
    },
    "curly_loop": {
        "keywords": [
            "scribble",
            "draw",
            "shape",
            "squiggle"
        ],
        "char": "➰",
        "fitzpatrick_scale": false,
        "category": "symbols"
    },
    "heavy_check_mark": {
        "keywords": [
            "ok",
            "nike",
            "answer",
            "yes",
            "tick"
        ],
        "char": "✔️",
        "fitzpatrick_scale": false,
        "category": "symbols"
    },
    "arrows_clockwise": {
        "keywords": [
            "sync",
            "cycle",
            "round",
            "repeat"
        ],
        "char": "🔃",
        "fitzpatrick_scale": false,
        "category": "symbols"
    },
    "heavy_plus_sign": {
        "keywords": [
            "math",
            "calculation",
            "addition",
            "more",
            "increase"
        ],
        "char": "➕",
        "fitzpatrick_scale": false,
        "category": "symbols"
    },
    "heavy_minus_sign": {
        "keywords": [
            "math",
            "calculation",
            "subtract",
            "less"
        ],
        "char": "➖",
        "fitzpatrick_scale": false,
        "category": "symbols"
    },
    "heavy_division_sign": {
        "keywords": [
            "divide",
            "math",
            "calculation"
        ],
        "char": "➗",
        "fitzpatrick_scale": false,
        "category": "symbols"
    },
    "heavy_multiplication_x": {
        "keywords": [
            "math",
            "calculation"
        ],
        "char": "✖️",
        "fitzpatrick_scale": false,
        "category": "symbols"
    },
    "infinity": {
        "keywords": [
            "forever"
        ],
        "char": "♾",
        "fitzpatrick_scale": false,
        "category": "symbols"
    },
    "heavy_dollar_sign": {
        "keywords": [
            "money",
            "sales",
            "payment",
            "currency",
            "buck"
        ],
        "char": "💲",
        "fitzpatrick_scale": false,
        "category": "symbols"
    },
    "currency_exchange": {
        "keywords": [
            "money",
            "sales",
            "dollar",
            "travel"
        ],
        "char": "💱",
        "fitzpatrick_scale": false,
        "category": "symbols"
    },
    "copyright": {
        "keywords": [
            "ip",
            "license",
            "circle",
            "law",
            "legal"
        ],
        "char": "©️",
        "fitzpatrick_scale": false,
        "category": "symbols"
    },
    "registered": {
        "keywords": [
            "alphabet",
            "circle"
        ],
        "char": "®️",
        "fitzpatrick_scale": false,
        "category": "symbols"
    },
    "tm": {
        "keywords": [
            "trademark",
            "brand",
            "law",
            "legal"
        ],
        "char": "™️",
        "fitzpatrick_scale": false,
        "category": "symbols"
    },
    "end": {
        "keywords": [
            "words",
            "arrow"
        ],
        "char": "🔚",
        "fitzpatrick_scale": false,
        "category": "symbols"
    },
    "back": {
        "keywords": [
            "arrow",
            "words",
            "return"
        ],
        "char": "🔙",
        "fitzpatrick_scale": false,
        "category": "symbols"
    },
    "on_moji": {
        "keywords": [
            "arrow",
            "words"
        ],
        "char": "🔛",
        "fitzpatrick_scale": false,
        "category": "symbols"
    },
    "top": {
        "keywords": [
            "words",
            "blue-square"
        ],
        "char": "🔝",
        "fitzpatrick_scale": false,
        "category": "symbols"
    },
    "soon": {
        "keywords": [
            "arrow",
            "words"
        ],
        "char": "🔜",
        "fitzpatrick_scale": false,
        "category": "symbols"
    },
    "ballot_box_with_check": {
        "keywords": [
            "ok",
            "agree",
            "confirm",
            "black-square",
            "vote",
            "election",
            "yes",
            "tick"
        ],
        "char": "☑️",
        "fitzpatrick_scale": false,
        "category": "symbols"
    },
    "radio_button": {
        "keywords": [
            "input",
            "old",
            "music",
            "circle"
        ],
        "char": "🔘",
        "fitzpatrick_scale": false,
        "category": "symbols"
    },
    "white_circle": {
        "keywords": [
            "shape",
            "round"
        ],
        "char": "⚪",
        "fitzpatrick_scale": false,
        "category": "symbols"
    },
    "black_circle": {
        "keywords": [
            "shape",
            "button",
            "round"
        ],
        "char": "⚫",
        "fitzpatrick_scale": false,
        "category": "symbols"
    },
    "red_circle": {
        "keywords": [
            "shape",
            "error",
            "danger"
        ],
        "char": "🔴",
        "fitzpatrick_scale": false,
        "category": "symbols"
    },
    "large_blue_circle": {
        "keywords": [
            "shape",
            "icon",
            "button"
        ],
        "char": "🔵",
        "fitzpatrick_scale": false,
        "category": "symbols"
    },
    "small_orange_diamond": {
        "keywords": [
            "shape",
            "jewel",
            "gem"
        ],
        "char": "🔸",
        "fitzpatrick_scale": false,
        "category": "symbols"
    },
    "small_blue_diamond": {
        "keywords": [
            "shape",
            "jewel",
            "gem"
        ],
        "char": "🔹",
        "fitzpatrick_scale": false,
        "category": "symbols"
    },
    "large_orange_diamond": {
        "keywords": [
            "shape",
            "jewel",
            "gem"
        ],
        "char": "🔶",
        "fitzpatrick_scale": false,
        "category": "symbols"
    },
    "large_blue_diamond": {
        "keywords": [
            "shape",
            "jewel",
            "gem"
        ],
        "char": "🔷",
        "fitzpatrick_scale": false,
        "category": "symbols"
    },
    "small_red_triangle": {
        "keywords": [
            "shape",
            "direction",
            "up",
            "top"
        ],
        "char": "🔺",
        "fitzpatrick_scale": false,
        "category": "symbols"
    },
    "black_small_square": {
        "keywords": [
            "shape",
            "icon"
        ],
        "char": "▪️",
        "fitzpatrick_scale": false,
        "category": "symbols"
    },
    "white_small_square": {
        "keywords": [
            "shape",
            "icon"
        ],
        "char": "▫️",
        "fitzpatrick_scale": false,
        "category": "symbols"
    },
    "black_large_square": {
        "keywords": [
            "shape",
            "icon",
            "button"
        ],
        "char": "⬛",
        "fitzpatrick_scale": false,
        "category": "symbols"
    },
    "white_large_square": {
        "keywords": [
            "shape",
            "icon",
            "stone",
            "button"
        ],
        "char": "⬜",
        "fitzpatrick_scale": false,
        "category": "symbols"
    },
    "small_red_triangle_down": {
        "keywords": [
            "shape",
            "direction",
            "bottom"
        ],
        "char": "🔻",
        "fitzpatrick_scale": false,
        "category": "symbols"
    },
    "black_medium_square": {
        "keywords": [
            "shape",
            "button",
            "icon"
        ],
        "char": "◼️",
        "fitzpatrick_scale": false,
        "category": "symbols"
    },
    "white_medium_square": {
        "keywords": [
            "shape",
            "stone",
            "icon"
        ],
        "char": "◻️",
        "fitzpatrick_scale": false,
        "category": "symbols"
    },
    "black_medium_small_square": {
        "keywords": [
            "icon",
            "shape",
            "button"
        ],
        "char": "◾",
        "fitzpatrick_scale": false,
        "category": "symbols"
    },
    "white_medium_small_square": {
        "keywords": [
            "shape",
            "stone",
            "icon",
            "button"
        ],
        "char": "◽",
        "fitzpatrick_scale": false,
        "category": "symbols"
    },
    "black_square_button": {
        "keywords": [
            "shape",
            "input",
            "frame"
        ],
        "char": "🔲",
        "fitzpatrick_scale": false,
        "category": "symbols"
    },
    "white_square_button": {
        "keywords": [
            "shape",
            "input"
        ],
        "char": "🔳",
        "fitzpatrick_scale": false,
        "category": "symbols"
    },
    "speaker": {
        "keywords": [
            "sound",
            "volume",
            "silence",
            "broadcast"
        ],
        "char": "🔈",
        "fitzpatrick_scale": false,
        "category": "symbols"
    },
    "sound": {
        "keywords": [
            "volume",
            "speaker",
            "broadcast"
        ],
        "char": "🔉",
        "fitzpatrick_scale": false,
        "category": "symbols"
    },
    "loud_sound": {
        "keywords": [
            "volume",
            "noise",
            "noisy",
            "speaker",
            "broadcast"
        ],
        "char": "🔊",
        "fitzpatrick_scale": false,
        "category": "symbols"
    },
    "mute": {
        "keywords": [
            "sound",
            "volume",
            "silence",
            "quiet"
        ],
        "char": "🔇",
        "fitzpatrick_scale": false,
        "category": "symbols"
    },
    "mega": {
        "keywords": [
            "sound",
            "speaker",
            "volume"
        ],
        "char": "📣",
        "fitzpatrick_scale": false,
        "category": "symbols"
    },
    "loudspeaker": {
        "keywords": [
            "volume",
            "sound"
        ],
        "char": "📢",
        "fitzpatrick_scale": false,
        "category": "symbols"
    },
    "bell": {
        "keywords": [
            "sound",
            "notification",
            "christmas",
            "xmas",
            "chime"
        ],
        "char": "🔔",
        "fitzpatrick_scale": false,
        "category": "symbols"
    },
    "no_bell": {
        "keywords": [
            "sound",
            "volume",
            "mute",
            "quiet",
            "silent"
        ],
        "char": "🔕",
        "fitzpatrick_scale": false,
        "category": "symbols"
    },
    "black_joker": {
        "keywords": [
            "poker",
            "cards",
            "game",
            "play",
            "magic"
        ],
        "char": "🃏",
        "fitzpatrick_scale": false,
        "category": "symbols"
    },
    "mahjong": {
        "keywords": [
            "game",
            "play",
            "chinese",
            "kanji"
        ],
        "char": "🀄",
        "fitzpatrick_scale": false,
        "category": "symbols"
    },
    "spades": {
        "keywords": [
            "poker",
            "cards",
            "suits",
            "magic"
        ],
        "char": "♠️",
        "fitzpatrick_scale": false,
        "category": "symbols"
    },
    "clubs": {
        "keywords": [
            "poker",
            "cards",
            "magic",
            "suits"
        ],
        "char": "♣️",
        "fitzpatrick_scale": false,
        "category": "symbols"
    },
    "hearts": {
        "keywords": [
            "poker",
            "cards",
            "magic",
            "suits"
        ],
        "char": "♥️",
        "fitzpatrick_scale": false,
        "category": "symbols"
    },
    "diamonds": {
        "keywords": [
            "poker",
            "cards",
            "magic",
            "suits"
        ],
        "char": "♦️",
        "fitzpatrick_scale": false,
        "category": "symbols"
    },
    "flower_playing_cards": {
        "keywords": [
            "game",
            "sunset",
            "red"
        ],
        "char": "🎴",
        "fitzpatrick_scale": false,
        "category": "symbols"
    },
    "thought_balloon": {
        "keywords": [
            "bubble",
            "cloud",
            "speech",
            "thinking",
            "dream"
        ],
        "char": "💭",
        "fitzpatrick_scale": false,
        "category": "symbols"
    },
    "right_anger_bubble": {
        "keywords": [
            "caption",
            "speech",
            "thinking",
            "mad"
        ],
        "char": "🗯",
        "fitzpatrick_scale": false,
        "category": "symbols"
    },
    "speech_balloon": {
        "keywords": [
            "bubble",
            "words",
            "message",
            "talk",
            "chatting"
        ],
        "char": "💬",
        "fitzpatrick_scale": false,
        "category": "symbols"
    },
    "left_speech_bubble": {
        "keywords": [
            "words",
            "message",
            "talk",
            "chatting"
        ],
        "char": "🗨",
        "fitzpatrick_scale": false,
        "category": "symbols"
    },
    "clock1": {
        "keywords": [
            "time",
            "late",
            "early",
            "schedule"
        ],
        "char": "🕐",
        "fitzpatrick_scale": false,
        "category": "symbols"
    },
    "clock2": {
        "keywords": [
            "time",
            "late",
            "early",
            "schedule"
        ],
        "char": "🕑",
        "fitzpatrick_scale": false,
        "category": "symbols"
    },
    "clock3": {
        "keywords": [
            "time",
            "late",
            "early",
            "schedule"
        ],
        "char": "🕒",
        "fitzpatrick_scale": false,
        "category": "symbols"
    },
    "clock4": {
        "keywords": [
            "time",
            "late",
            "early",
            "schedule"
        ],
        "char": "🕓",
        "fitzpatrick_scale": false,
        "category": "symbols"
    },
    "clock5": {
        "keywords": [
            "time",
            "late",
            "early",
            "schedule"
        ],
        "char": "🕔",
        "fitzpatrick_scale": false,
        "category": "symbols"
    },
    "clock6": {
        "keywords": [
            "time",
            "late",
            "early",
            "schedule",
            "dawn",
            "dusk"
        ],
        "char": "🕕",
        "fitzpatrick_scale": false,
        "category": "symbols"
    },
    "clock7": {
        "keywords": [
            "time",
            "late",
            "early",
            "schedule"
        ],
        "char": "🕖",
        "fitzpatrick_scale": false,
        "category": "symbols"
    },
    "clock8": {
        "keywords": [
            "time",
            "late",
            "early",
            "schedule"
        ],
        "char": "🕗",
        "fitzpatrick_scale": false,
        "category": "symbols"
    },
    "clock9": {
        "keywords": [
            "time",
            "late",
            "early",
            "schedule"
        ],
        "char": "🕘",
        "fitzpatrick_scale": false,
        "category": "symbols"
    },
    "clock10": {
        "keywords": [
            "time",
            "late",
            "early",
            "schedule"
        ],
        "char": "🕙",
        "fitzpatrick_scale": false,
        "category": "symbols"
    },
    "clock11": {
        "keywords": [
            "time",
            "late",
            "early",
            "schedule"
        ],
        "char": "🕚",
        "fitzpatrick_scale": false,
        "category": "symbols"
    },
    "clock12": {
        "keywords": [
            "time",
            "noon",
            "midnight",
            "midday",
            "late",
            "early",
            "schedule"
        ],
        "char": "🕛",
        "fitzpatrick_scale": false,
        "category": "symbols"
    },
    "clock130": {
        "keywords": [
            "time",
            "late",
            "early",
            "schedule"
        ],
        "char": "🕜",
        "fitzpatrick_scale": false,
        "category": "symbols"
    },
    "clock230": {
        "keywords": [
            "time",
            "late",
            "early",
            "schedule"
        ],
        "char": "🕝",
        "fitzpatrick_scale": false,
        "category": "symbols"
    },
    "clock330": {
        "keywords": [
            "time",
            "late",
            "early",
            "schedule"
        ],
        "char": "🕞",
        "fitzpatrick_scale": false,
        "category": "symbols"
    },
    "clock430": {
        "keywords": [
            "time",
            "late",
            "early",
            "schedule"
        ],
        "char": "🕟",
        "fitzpatrick_scale": false,
        "category": "symbols"
    },
    "clock530": {
        "keywords": [
            "time",
            "late",
            "early",
            "schedule"
        ],
        "char": "🕠",
        "fitzpatrick_scale": false,
        "category": "symbols"
    },
    "clock630": {
        "keywords": [
            "time",
            "late",
            "early",
            "schedule"
        ],
        "char": "🕡",
        "fitzpatrick_scale": false,
        "category": "symbols"
    },
    "clock730": {
        "keywords": [
            "time",
            "late",
            "early",
            "schedule"
        ],
        "char": "🕢",
        "fitzpatrick_scale": false,
        "category": "symbols"
    },
    "clock830": {
        "keywords": [
            "time",
            "late",
            "early",
            "schedule"
        ],
        "char": "🕣",
        "fitzpatrick_scale": false,
        "category": "symbols"
    },
    "clock930": {
        "keywords": [
            "time",
            "late",
            "early",
            "schedule"
        ],
        "char": "🕤",
        "fitzpatrick_scale": false,
        "category": "symbols"
    },
    "clock1030": {
        "keywords": [
            "time",
            "late",
            "early",
            "schedule"
        ],
        "char": "🕥",
        "fitzpatrick_scale": false,
        "category": "symbols"
    },
    "clock1130": {
        "keywords": [
            "time",
            "late",
            "early",
            "schedule"
        ],
        "char": "🕦",
        "fitzpatrick_scale": false,
        "category": "symbols"
    },
    "clock1230": {
        "keywords": [
            "time",
            "late",
            "early",
            "schedule"
        ],
        "char": "🕧",
        "fitzpatrick_scale": false,
        "category": "symbols"
    }
}