{
    "red_car": {
        "keywords": [
            "red",
            "transportation",
            "vehicle"
        ],
        "char": "🚗",
        "fitzpatrick_scale": false,
        "category": "travel_and_places"
    },
    "taxi": {
        "keywords": [
            "uber",
            "vehicle",
            "cars",
            "transportation"
        ],
        "char": "🚕",
        "fitzpatrick_scale": false,
        "category": "travel_and_places"
    },
    "blue_car": {
        "keywords": [
            "transportation",
            "vehicle"
        ],
        "char": "🚙",
        "fitzpatrick_scale": false,
        "category": "travel_and_places"
    },
    "bus": {
        "keywords": [
            "car",
            "vehicle",
            "transportation"
        ],
        "char": "🚌",
        "fitzpatrick_scale": false,
        "category": "travel_and_places"
    },
    "trolleybus": {
        "keywords": [
            "bart",
            "transportation",
            "vehicle"
        ],
        "char": "🚎",
        "fitzpatrick_scale": false,
        "category": "travel_and_places"
    },
    "racing_car": {
        "keywords": [
            "sports",
            "race",
            "fast",
            "formula",
            "f1"
        ],
        "char": "🏎",
        "fitzpatrick_scale": false,
        "category": "travel_and_places"
    },
    "police_car": {
        "keywords": [
            "vehicle",
            "cars",
            "transportation",
            "law",
            "legal",
            "enforcement"
        ],
        "char": "🚓",
        "fitzpatrick_scale": false,
        "category": "travel_and_places"
    },
    "ambulance": {
        "keywords": [
            "health",
            "911",
            "hospital"
        ],
        "char": "🚑",
        "fitzpatrick_scale": false,
        "category": "travel_and_places"
    },
    "fire_engine": {
        "keywords": [
            "transportation",
            "cars",
            "vehicle"
        ],
        "char": "🚒",
        "fitzpatrick_scale": false,
        "category": "travel_and_places"
    },
    "minibus": {
        "keywords": [
            "vehicle",
            "car",
            "transportation"
        ],
        "char": "🚐",
        "fitzpatrick_scale": false,
        "category": "travel_and_places"
    },
    "truck": {
        "keywords": [
            "cars",
            "transportation"
        ],
        "char": "🚚",
        "fitzpatrick_scale": false,
        "category": "travel_and_places"
    },
    "articulated_lorry": {
        "keywords": [
            "vehicle",
            "cars",
            "transportation",
            "express"
        ],
        "char": "🚛",
        "fitzpatrick_scale": false,
        "category": "travel_and_places"
    },
    "tractor": {
        "keywords": [
            "vehicle",
            "car",
            "farming",
            "agriculture"
        ],
        "char": "🚜",
        "fitzpatrick_scale": false,
        "category": "travel_and_places"
    },
    "kick_scooter": {
        "keywords": [
            "vehicle",
            "kick",
            "razor"
        ],
        "char": "🛴",
        "fitzpatrick_scale": false,
        "category": "travel_and_places"
    },
    "motorcycle": {
        "keywords": [
            "race",
            "sports",
            "fast"
        ],
        "char": "🏍",
        "fitzpatrick_scale": false,
        "category": "travel_and_places"
    },
    "bike": {
        "keywords": [
            "sports",
            "bicycle",
            "exercise",
            "hipster"
        ],
        "char": "🚲",
        "fitzpatrick_scale": false,
        "category": "travel_and_places"
    },
    "motor_scooter": {
        "keywords": [
            "vehicle",
            "vespa",
            "sasha"
        ],
        "char": "🛵",
        "fitzpatrick_scale": false,
        "category": "travel_and_places"
    },
    "rotating_light": {
        "keywords": [
            "police",
            "ambulance",
            "911",
            "emergency",
            "alert",
            "error",
            "pinged",
            "law",
            "legal"
        ],
        "char": "🚨",
        "fitzpatrick_scale": false,
        "category": "travel_and_places"
    },
    "oncoming_police_car": {
        "keywords": [
            "vehicle",
            "law",
            "legal",
            "enforcement",
            "911"
        ],
        "char": "🚔",
        "fitzpatrick_scale": false,
        "category": "travel_and_places"
    },
    "oncoming_bus": {
        "keywords": [
            "vehicle",
            "transportation"
        ],
        "char": "🚍",
        "fitzpatrick_scale": false,
        "category": "travel_and_places"
    },
    "oncoming_automobile": {
        "keywords": [
            "car",
            "vehicle",
            "transportation"
        ],
        "char": "🚘",
        "fitzpatrick_scale": false,
        "category": "travel_and_places"
    },
    "oncoming_taxi": {
        "keywords": [
            "vehicle",
            "cars",
            "uber"
        ],
        "char": "🚖",
        "fitzpatrick_scale": false,
        "category": "travel_and_places"
    },
    "aerial_tramway": {
        "keywords": [
            "transportation",
            "vehicle",
            "ski"
        ],
        "char": "🚡",
        "fitzpatrick_scale": false,
        "category": "travel_and_places"
    },
    "mountain_cableway": {
        "keywords": [
            "transportation",
            "vehicle",
            "ski"
        ],
        "char": "🚠",
        "fitzpatrick_scale": false,
        "category": "travel_and_places"
    },
    "suspension_railway": {
        "keywords": [
            "vehicle",
            "transportation"
        ],
        "char": "🚟",
        "fitzpatrick_scale": false,
        "category": "travel_and_places"
    },
    "railway_car": {
        "keywords": [
            "transportation",
            "vehicle"
        ],
        "char": "🚃",
        "fitzpatrick_scale": false,
        "category": "travel_and_places"
    },
    "train": {
        "keywords": [
            "transportation",
            "vehicle",
            "carriage",
            "public",
            "travel"
        ],
        "char": "🚋",
        "fitzpatrick_scale": false,
        "category": "travel_and_places"
    },
    "monorail": {
        "keywords": [
            "transportation",
            "vehicle"
        ],
        "char": "🚝",
        "fitzpatrick_scale": false,
        "category": "travel_and_places"
    },
    "bullettrain_side": {
        "keywords": [
            "transportation",
            "vehicle"
        ],
        "char": "🚄",
        "fitzpatrick_scale": false,
        "category": "travel_and_places"
    },
    "bullettrain_front": {
        "keywords": [
            "transportation",
            "vehicle",
            "speed",
            "fast",
            "public",
            "travel"
        ],
        "char": "🚅",
        "fitzpatrick_scale": false,
        "category": "travel_and_places"
    },
    "light_rail": {
        "keywords": [
            "transportation",
            "vehicle"
        ],
        "char": "🚈",
        "fitzpatrick_scale": false,
        "category": "travel_and_places"
    },
    "mountain_railway": {
        "keywords": [
            "transportation",
            "vehicle"
        ],
        "char": "🚞",
        "fitzpatrick_scale": false,
        "category": "travel_and_places"
    },
    "steam_locomotive": {
        "keywords": [
            "transportation",
            "vehicle",
            "train"
        ],
        "char": "🚂",
        "fitzpatrick_scale": false,
        "category": "travel_and_places"
    },
    "train2": {
        "keywords": [
            "transportation",
            "vehicle"
        ],
        "char": "🚆",
        "fitzpatrick_scale": false,
        "category": "travel_and_places"
    },
    "metro": {
        "keywords": [
            "transportation",
            "blue-square",
            "mrt",
            "underground",
            "tube"
        ],
        "char": "🚇",
        "fitzpatrick_scale": false,
        "category": "travel_and_places"
    },
    "tram": {
        "keywords": [
            "transportation",
            "vehicle"
        ],
        "char": "🚊",
        "fitzpatrick_scale": false,
        "category": "travel_and_places"
    },
    "station": {
        "keywords": [
            "transportation",
            "vehicle",
            "public"
        ],
        "char": "🚉",
        "fitzpatrick_scale": false,
        "category": "travel_and_places"
    },
    "flying_saucer": {
        "keywords": [
            "transportation",
            "vehicle",
            "ufo"
        ],
        "char": "🛸",
        "fitzpatrick_scale": false,
        "category": "travel_and_places"
    },
    "helicopter": {
        "keywords": [
            "transportation",
            "vehicle",
            "fly"
        ],
        "char": "🚁",
        "fitzpatrick_scale": false,
        "category": "travel_and_places"
    },
    "small_airplane": {
        "keywords": [
            "flight",
            "transportation",
            "fly",
            "vehicle"
        ],
        "char": "🛩",
        "fitzpatrick_scale": false,
        "category": "travel_and_places"
    },
    "airplane": {
        "keywords": [
            "vehicle",
            "transportation",
            "flight",
            "fly"
        ],
        "char": "✈️",
        "fitzpatrick_scale": false,
        "category": "travel_and_places"
    },
    "flight_departure": {
        "keywords": [
            "airport",
            "flight",
            "landing"
        ],
        "char": "🛫",
        "fitzpatrick_scale": false,
        "category": "travel_and_places"
    },
    "flight_arrival": {
        "keywords": [
            "airport",
            "flight",
            "boarding"
        ],
        "char": "🛬",
        "fitzpatrick_scale": false,
        "category": "travel_and_places"
    },
    "sailboat": {
        "keywords": [
            "ship",
            "summer",
            "transportation",
            "water",
            "sailing"
        ],
        "char": "⛵",
        "fitzpatrick_scale": false,
        "category": "travel_and_places"
    },
    "motor_boat": {
        "keywords": [
            "ship"
        ],
        "char": "🛥",
        "fitzpatrick_scale": false,
        "category": "travel_and_places"
    },
    "speedboat": {
        "keywords": [
            "ship",
            "transportation",
            "vehicle",
            "summer"
        ],
        "char": "🚤",
        "fitzpatrick_scale": false,
        "category": "travel_and_places"
    },
    "ferry": {
        "keywords": [
            "boat",
            "ship",
            "yacht"
        ],
        "char": "⛴",
        "fitzpatrick_scale": false,
        "category": "travel_and_places"
    },
    "passenger_ship": {
        "keywords": [
            "yacht",
            "cruise",
            "ferry"
        ],
        "char": "🛳",
        "fitzpatrick_scale": false,
        "category": "travel_and_places"
    },
    "rocket": {
        "keywords": [
            "launch",
            "ship",
            "staffmode",
            "NASA",
            "outer space",
            "outer_space",
            "fly"
        ],
        "char": "🚀",
        "fitzpatrick_scale": false,
        "category": "travel_and_places"
    },
    "artificial_satellite": {
        "keywords": [
            "communication",
            "gps",
            "orbit",
            "spaceflight",
            "NASA",
            "ISS"
        ],
        "char": "🛰",
        "fitzpatrick_scale": false,
        "category": "travel_and_places"
    },
    "seat": {
        "keywords": [
            "sit",
            "airplane",
            "transport",
            "bus",
            "flight",
            "fly"
        ],
        "char": "💺",
        "fitzpatrick_scale": false,
        "category": "travel_and_places"
    },
    "canoe": {
        "keywords": [
            "boat",
            "paddle",
            "water",
            "ship"
        ],
        "char": "🛶",
        "fitzpatrick_scale": false,
        "category": "travel_and_places"
    },
    "anchor": {
        "keywords": [
            "ship",
            "ferry",
            "sea",
            "boat"
        ],
        "char": "⚓",
        "fitzpatrick_scale": false,
        "category": "travel_and_places"
    },
    "construction": {
        "keywords": [
            "wip",
            "progress",
            "caution",
            "warning"
        ],
        "char": "🚧",
        "fitzpatrick_scale": false,
        "category": "travel_and_places"
    },
    "fuelpump": {
        "keywords": [
            "gas station",
            "petroleum"
        ],
        "char": "⛽",
        "fitzpatrick_scale": false,
        "category": "travel_and_places"
    },
    "busstop": {
        "keywords": [
            "transportation",
            "wait"
        ],
        "char": "🚏",
        "fitzpatrick_scale": false,
        "category": "travel_and_places"
    },
    "vertical_traffic_light": {
        "keywords": [
            "transportation",
            "driving"
        ],
        "char": "🚦",
        "fitzpatrick_scale": false,
        "category": "travel_and_places"
    },
    "traffic_light": {
        "keywords": [
            "transportation",
            "signal"
        ],
        "char": "🚥",
        "fitzpatrick_scale": false,
        "category": "travel_and_places"
    },
    "checkered_flag": {
        "keywords": [
            "contest",
            "finishline",
            "race",
            "gokart"
        ],
        "char": "🏁",
        "fitzpatrick_scale": false,
        "category": "travel_and_places"
    },
    "ship": {
        "keywords": [
            "transportation",
            "titanic",
            "deploy"
        ],
        "char": "🚢",
        "fitzpatrick_scale": false,
        "category": "travel_and_places"
    },
    "ferris_wheel": {
        "keywords": [
            "photo",
            "carnival",
            "londoneye"
        ],
        "char": "🎡",
        "fitzpatrick_scale": false,
        "category": "travel_and_places"
    },
    "roller_coaster": {
        "keywords": [
            "carnival",
            "playground",
            "photo",
            "fun"
        ],
        "char": "🎢",
        "fitzpatrick_scale": false,
        "category": "travel_and_places"
    },
    "carousel_horse": {
        "keywords": [
            "photo",
            "carnival"
        ],
        "char": "🎠",
        "fitzpatrick_scale": false,
        "category": "travel_and_places"
    },
    "building_construction": {
        "keywords": [
            "wip",
            "working",
            "progress"
        ],
        "char": "🏗",
        "fitzpatrick_scale": false,
        "category": "travel_and_places"
    },
    "foggy": {
        "keywords": [
            "photo",
            "mountain"
        ],
        "char": "🌁",
        "fitzpatrick_scale": false,
        "category": "travel_and_places"
    },
    "tokyo_tower": {
        "keywords": [
            "photo",
            "japanese"
        ],
        "char": "🗼",
        "fitzpatrick_scale": false,
        "category": "travel_and_places"
    },
    "factory_moji": {
        "keywords": [
            "building",
            "industry",
            "pollution",
            "smoke"
        ],
        "char": "🏭",
        "fitzpatrick_scale": false,
        "category": "travel_and_places"
    },
    "fountain": {
        "keywords": [
            "photo",
            "summer",
            "water",
            "fresh"
        ],
        "char": "⛲",
        "fitzpatrick_scale": false,
        "category": "travel_and_places"
    },
    "rice_scene": {
        "keywords": [
            "photo",
            "japan",
            "asia",
            "tsukimi"
        ],
        "char": "🎑",
        "fitzpatrick_scale": false,
        "category": "travel_and_places"
    },
    "mountain": {
        "keywords": [
            "photo",
            "nature",
            "environment"
        ],
        "char": "⛰",
        "fitzpatrick_scale": false,
        "category": "travel_and_places"
    },
    "mountain_snow": {
        "keywords": [
            "photo",
            "nature",
            "environment",
            "winter",
            "cold"
        ],
        "char": "🏔",
        "fitzpatrick_scale": false,
        "category": "travel_and_places"
    },
    "mount_fuji": {
        "keywords": [
            "photo",
            "mountain",
            "nature",
            "japanese"
        ],
        "char": "🗻",
        "fitzpatrick_scale": false,
        "category": "travel_and_places"
    },
    "volcano": {
        "keywords": [
            "photo",
            "nature",
            "disaster"
        ],
        "char": "🌋",
        "fitzpatrick_scale": false,
        "category": "travel_and_places"
    },
    "japan": {
        "keywords": [
            "nation",
            "country",
            "japanese",
            "asia"
        ],
        "char": "🗾",
        "fitzpatrick_scale": false,
        "category": "travel_and_places"
    },
    "camping": {
        "keywords": [
            "photo",
            "outdoors",
            "tent"
        ],
        "char": "🏕",
        "fitzpatrick_scale": false,
        "category": "travel_and_places"
    },
    "tent": {
        "keywords": [
            "photo",
            "camping",
            "outdoors"
        ],
        "char": "⛺",
        "fitzpatrick_scale": false,
        "category": "travel_and_places"
    },
    "national_park": {
        "keywords": [
            "photo",
            "environment",
            "nature"
        ],
        "char": "🏞",
        "fitzpatrick_scale": false,
        "category": "travel_and_places"
    },
    "motorway": {
        "keywords": [
            "road",
            "cupertino",
            "interstate",
            "highway"
        ],
        "char": "🛣",
        "fitzpatrick_scale": false,
        "category": "travel_and_places"
    },
    "railway_track": {
        "keywords": [
            "train",
            "transportation"
        ],
        "char": "🛤",
        "fitzpatrick_scale": false,
        "category": "travel_and_places"
    },
    "sunrise": {
        "keywords": [
            "morning",
            "view",
            "vacation",
            "photo"
        ],
        "char": "🌅",
        "fitzpatrick_scale": false,
        "category": "travel_and_places"
    },
    "sunrise_over_mountains": {
        "keywords": [
            "view",
            "vacation",
            "photo"
        ],
        "char": "🌄",
        "fitzpatrick_scale": false,
        "category": "travel_and_places"
    },
    "desert": {
        "keywords": [
            "photo",
            "warm",
            "saharah"
        ],
        "char": "🏜",
        "fitzpatrick_scale": false,
        "category": "travel_and_places"
    },
    "beach_umbrella": {
        "keywords": [
            "weather",
            "summer",
            "sunny",
            "sand",
            "mojito"
        ],
        "char": "🏖",
        "fitzpatrick_scale": false,
        "category": "travel_and_places"
    },
    "desert_island": {
        "keywords": [
            "photo",
            "tropical",
            "mojito"
        ],
        "char": "🏝",
        "fitzpatrick_scale": false,
        "category": "travel_and_places"
    },
    "city_sunrise": {
        "keywords": [
            "photo",
            "good morning",
            "dawn"
        ],
        "char": "🌇",
        "fitzpatrick_scale": false,
        "category": "travel_and_places"
    },
    "city_sunset": {
        "keywords": [
            "photo",
            "evening",
            "sky",
            "buildings"
        ],
        "char": "🌆",
        "fitzpatrick_scale": false,
        "category": "travel_and_places"
    },
    "cityscape": {
        "keywords": [
            "photo",
            "night life",
            "urban"
        ],
        "char": "🏙",
        "fitzpatrick_scale": false,
        "category": "travel_and_places"
    },
    "night_with_stars": {
        "keywords": [
            "evening",
            "city",
            "downtown"
        ],
        "char": "🌃",
        "fitzpatrick_scale": false,
        "category": "travel_and_places"
    },
    "bridge_at_night": {
        "keywords": [
            "photo",
            "sanfrancisco"
        ],
        "char": "🌉",
        "fitzpatrick_scale": false,
        "category": "travel_and_places"
    },
    "milky_way": {
        "keywords": [
            "photo",
            "space",
            "stars"
        ],
        "char": "🌌",
        "fitzpatrick_scale": false,
        "category": "travel_and_places"
    },
    "stars": {
        "keywords": [
            "night",
            "photo"
        ],
        "char": "🌠",
        "fitzpatrick_scale": false,
        "category": "travel_and_places"
    },
    "sparkler": {
        "keywords": [
            "stars",
            "night",
            "shine"
        ],
        "char": "🎇",
        "fitzpatrick_scale": false,
        "category": "travel_and_places"
    },
    "fireworks": {
        "keywords": [
            "photo",
            "festival",
            "carnival",
            "congratulations"
        ],
        "char": "🎆",
        "fitzpatrick_scale": false,
        "category": "travel_and_places"
    },
    "rainbow": {
        "keywords": [
            "nature",
            "happy",
            "unicorn_face",
            "photo",
            "sky",
            "spring"
        ],
        "char": "🌈",
        "fitzpatrick_scale": false,
        "category": "travel_and_places"
    },
    "houses": {
        "keywords": [
            "buildings",
            "photo"
        ],
        "char": "🏘",
        "fitzpatrick_scale": false,
        "category": "travel_and_places"
    },
    "european_castle": {
        "keywords": [
            "building",
            "royalty",
            "history"
        ],
        "char": "🏰",
        "fitzpatrick_scale": false,
        "category": "travel_and_places"
    },
    "japanese_castle": {
        "keywords": [
            "photo",
            "building"
        ],
        "char": "🏯",
        "fitzpatrick_scale": false,
        "category": "travel_and_places"
    },
    "stadium": {
        "keywords": [
            "photo",
            "place",
            "sports",
            "concert",
            "venue"
        ],
        "char": "🏟",
        "fitzpatrick_scale": false,
        "category": "travel_and_places"
    },
    "statue_of_liberty": {
        "keywords": [
            "american",
            "newyork"
        ],
        "char": "🗽",
        "fitzpatrick_scale": false,
        "category": "travel_and_places"
    },
    "house": {
        "keywords": [
            "building",
            "home"
        ],
        "char": "🏠",
        "fitzpatrick_scale": false,
        "category": "travel_and_places"
    },
    "house_with_garden": {
        "keywords": [
            "home",
            "plant",
            "nature"
        ],
        "char": "🏡",
        "fitzpatrick_scale": false,
        "category": "travel_and_places"
    },
    "derelict_house": {
        "keywords": [
            "abandon",
            "evict",
            "broken",
            "building"
        ],
        "char": "🏚",
        "fitzpatrick_scale": false,
        "category": "travel_and_places"
    },
    "office": {
        "keywords": [
            "building",
            "bureau",
            "work"
        ],
        "char": "🏢",
        "fitzpatrick_scale": false,
        "category": "travel_and_places"
    },
    "department_store": {
        "keywords": [
            "building",
            "shopping",
            "mall"
        ],
        "char": "🏬",
        "fitzpatrick_scale": false,
        "category": "travel_and_places"
    },
    "post_office": {
        "keywords": [
            "building",
            "envelope",
            "communication"
        ],
        "char": "🏣",
        "fitzpatrick_scale": false,
        "category": "travel_and_places"
    },
    "european_post_office": {
        "keywords": [
            "building",
            "email"
        ],
        "char": "🏤",
        "fitzpatrick_scale": false,
        "category": "travel_and_places"
    },
    "hospital": {
        "keywords": [
            "building",
            "health",
            "surgery",
            "doctor"
        ],
        "char": "🏥",
        "fitzpatrick_scale": false,
        "category": "travel_and_places"
    },
    "bank": {
        "keywords": [
            "building",
            "money",
            "sales",
            "cash",
            "business",
            "enterprise"
        ],
        "char": "🏦",
        "fitzpatrick_scale": false,
        "category": "travel_and_places"
    },
    "hotel": {
        "keywords": [
            "building",
            "accomodation",
            "checkin"
        ],
        "char": "🏨",
        "fitzpatrick_scale": false,
        "category": "travel_and_places"
    },
    "convenience_store": {
        "keywords": [
            "building",
            "shopping",
            "groceries"
        ],
        "char": "🏪",
        "fitzpatrick_scale": false,
        "category": "travel_and_places"
    },
    "school": {
        "keywords": [
            "building",
            "student",
            "education",
            "learn",
            "teach"
        ],
        "char": "🏫",
        "fitzpatrick_scale": false,
        "category": "travel_and_places"
    },
    "love_hotel": {
        "keywords": [
            "like",
            "affection",
            "dating"
        ],
        "char": "🏩",
        "fitzpatrick_scale": false,
        "category": "travel_and_places"
    },
    "wedding": {
        "keywords": [
            "love",
            "like",
            "affection",
            "couple",
            "marriage",
            "bride",
            "groom"
        ],
        "char": "💒",
        "fitzpatrick_scale": false,
        "category": "travel_and_places"
    },
    "classical_building": {
        "keywords": [
            "art",
            "culture",
            "history"
        ],
        "char": "🏛",
        "fitzpatrick_scale": false,
        "category": "travel_and_places"
    },
    "church": {
        "keywords": [
            "building",
            "religion",
            "christ"
        ],
        "char": "⛪",
        "fitzpatrick_scale": false,
        "category": "travel_and_places"
    },
    "mosque": {
        "keywords": [
            "islam",
            "worship",
            "minaret"
        ],
        "char": "🕌",
        "fitzpatrick_scale": false,
        "category": "travel_and_places"
    },
    "synagogue": {
        "keywords": [
            "judaism",
            "worship",
            "temple",
            "jewish"
        ],
        "char": "🕍",
        "fitzpatrick_scale": false,
        "category": "travel_and_places"
    },
    "kaaba": {
        "keywords": [
            "mecca",
            "mosque",
            "islam"
        ],
        "char": "🕋",
        "fitzpatrick_scale": false,
        "category": "travel_and_places"
    },
    "shinto_shrine": {
        "keywords": [
            "temple",
            "japan",
            "kyoto"
        ],
        "char": "⛩",
        "fitzpatrick_scale": false,
        "category": "travel_and_places"
    }
}