{"fonts/GreatVibes.ttf":["fonts/GreatVibes.ttf"],"fonts/Raleway.ttf":["fonts/Raleway.ttf"],"lib/assets/Lordicon/refresh-four-arrows.webp":["lib/assets/Lordicon/refresh-four-arrows.webp"],"lib/assets/wallpapers/webp/Wallpaper 0.webp":["lib/assets/wallpapers/webp/Wallpaper 0.webp"],"lib/assets/wallpapers/webp/Wallpaper 1.webp":["lib/assets/wallpapers/webp/Wallpaper 1.webp"],"lib/assets/wallpapers/webp/Wallpaper 10.webp":["lib/assets/wallpapers/webp/Wallpaper 10.webp"],"lib/assets/wallpapers/webp/Wallpaper 11.webp":["lib/assets/wallpapers/webp/Wallpaper 11.webp"],"lib/assets/wallpapers/webp/Wallpaper 12.webp":["lib/assets/wallpapers/webp/Wallpaper 12.webp"],"lib/assets/wallpapers/webp/Wallpaper 13.webp":["lib/assets/wallpapers/webp/Wallpaper 13.webp"],"lib/assets/wallpapers/webp/Wallpaper 14.webp":["lib/assets/wallpapers/webp/Wallpaper 14.webp"],"lib/assets/wallpapers/webp/Wallpaper 15.webp":["lib/assets/wallpapers/webp/Wallpaper 15.webp"],"lib/assets/wallpapers/webp/Wallpaper 16.webp":["lib/assets/wallpapers/webp/Wallpaper 16.webp"],"lib/assets/wallpapers/webp/Wallpaper 17.webp":["lib/assets/wallpapers/webp/Wallpaper 17.webp"],"lib/assets/wallpapers/webp/Wallpaper 18.webp":["lib/assets/wallpapers/webp/Wallpaper 18.webp"],"lib/assets/wallpapers/webp/Wallpaper 19.webp":["lib/assets/wallpapers/webp/Wallpaper 19.webp"],"lib/assets/wallpapers/webp/Wallpaper 2.webp":["lib/assets/wallpapers/webp/Wallpaper 2.webp"],"lib/assets/wallpapers/webp/Wallpaper 20.webp":["lib/assets/wallpapers/webp/Wallpaper 20.webp"],"lib/assets/wallpapers/webp/Wallpaper 21.webp":["lib/assets/wallpapers/webp/Wallpaper 21.webp"],"lib/assets/wallpapers/webp/Wallpaper 22.webp":["lib/assets/wallpapers/webp/Wallpaper 22.webp"],"lib/assets/wallpapers/webp/Wallpaper 23.webp":["lib/assets/wallpapers/webp/Wallpaper 23.webp"],"lib/assets/wallpapers/webp/Wallpaper 24.webp":["lib/assets/wallpapers/webp/Wallpaper 24.webp"],"lib/assets/wallpapers/webp/Wallpaper 25.webp":["lib/assets/wallpapers/webp/Wallpaper 25.webp"],"lib/assets/wallpapers/webp/Wallpaper 3.webp":["lib/assets/wallpapers/webp/Wallpaper 3.webp"],"lib/assets/wallpapers/webp/Wallpaper 4.webp":["lib/assets/wallpapers/webp/Wallpaper 4.webp"],"lib/assets/wallpapers/webp/Wallpaper 5.webp":["lib/assets/wallpapers/webp/Wallpaper 5.webp"],"lib/assets/wallpapers/webp/Wallpaper 6.webp":["lib/assets/wallpapers/webp/Wallpaper 6.webp"],"lib/assets/wallpapers/webp/Wallpaper 7.webp":["lib/assets/wallpapers/webp/Wallpaper 7.webp"],"lib/assets/wallpapers/webp/Wallpaper 8.webp":["lib/assets/wallpapers/webp/Wallpaper 8.webp"],"lib/assets/wallpapers/webp/Wallpaper 9.webp":["lib/assets/wallpapers/webp/Wallpaper 9.webp"],"lib/assets/withoutProfilePhoto.png":["lib/assets/withoutProfilePhoto.png"],"packages/cupertino_icons/assets/CupertinoIcons.ttf":["packages/cupertino_icons/assets/CupertinoIcons.ttf"],"packages/emoji_dialog_picker/assets/emojis/activity.json":["packages/emoji_dialog_picker/assets/emojis/activity.json"],"packages/emoji_dialog_picker/assets/emojis/animals_and_nature.json":["packages/emoji_dialog_picker/assets/emojis/animals_and_nature.json"],"packages/emoji_dialog_picker/assets/emojis/emojis.json":["packages/emoji_dialog_picker/assets/emojis/emojis.json"],"packages/emoji_dialog_picker/assets/emojis/flags.json":["packages/emoji_dialog_picker/assets/emojis/flags.json"],"packages/emoji_dialog_picker/assets/emojis/food_and_drink.json":["packages/emoji_dialog_picker/assets/emojis/food_and_drink.json"],"packages/emoji_dialog_picker/assets/emojis/objects.json":["packages/emoji_dialog_picker/assets/emojis/objects.json"],"packages/emoji_dialog_picker/assets/emojis/people.json":["packages/emoji_dialog_picker/assets/emojis/people.json"],"packages/emoji_dialog_picker/assets/emojis/symbols.json":["packages/emoji_dialog_picker/assets/emojis/symbols.json"],"packages/emoji_dialog_picker/assets/emojis/travel_and_places.json":["packages/emoji_dialog_picker/assets/emojis/travel_and_places.json"],"packages/eva_icons_flutter/lib/fonts/Eva-Icons.ttf":["packages/eva_icons_flutter/lib/fonts/Eva-Icons.ttf"]}